text,annotation_104,annotation_101,annotation_102,annotation_103
Putin After Announcing #CovidVaccine #Russian https://t.co/rNDFFcaHNd,False,False,False,False
Courtesy: WA! #WhatsApp #COVID #CovidVaccine https://t.co/zQNeLva9GJ,False,False,False,False
4 of the vaccines Jared bought are expected to fail and Trump refuses to join the global‚Ä¶ https://t.co/nBO2o0PNok,False,False,False,False
One day you will realize CDC Guidelines magically aligned with Teachers Unions demands,False,False,False,False
Im far from lying.  Current CDC guidelines is wearing a mask indoors and if you aren‚Äôt vaccinated. Is that wrong?,False,False,False,False
"Russia‚Äôs Covid vaccine ‚ÄòSputnik-V‚Äô might be released for civilian use this week, says report #CovidVaccine
#SputnikV
https://t.co/je1m0MrQOe",False,False,False,False
"I don‚Äôt see masks. In fact, my child was there‚Ä¶and we respected her decision not to wear a mask according to CDC guidelines. We also respected the decision of others if they chose to wear one. It‚Äôs that simple. That‚Äôs what we should instill in our children. Choice.",False,False,False,False
"I am fully vaccinated, unless CDC guidelines change, I don't wear a mask.",False,False,False,False
we ask every single person that walks in so we know if they need to wear a mask per CA and CDC guidelines. if they aren't willing to confirm/deny vaccination they are asked to leave. this isn't hard. only in American can a life-saving vaccine be made political. congrats GQP,False,False,False,False
will the sense touch 40k after a #CovidVaccine is released for unregulated sale in India?,False,False,False,False
"Health ministry approval Covid vaccine in Russia
#CovidVaccine https://t.co/cc1ha1cYCr",False,False,False,False
10 Days of Onam names | in kerala https://t.co/A2nX9r7OkB via #onam #kerala #VinayagarChathurthi2020‚Ä¶ https://t.co/3W4UjMXeng,False,False,False,False
"amazing review and insights from #vaccine experts I highly recommend! 
*cold storage
 *safety issues‚Ä¶ https://t.co/Mr4OTUlhga",False,False,False,False
Pretty sure the only people wearing masks right now are the vaccinated people.  The antivaxx people are also anti mask.  The CDC did a terrible job with their new mask guidelines.,False,False,False,False
These patients are slowly being tortured and then fully tortured when all off the meds. I feel for all the CPP pts may God give them relief soon. The cdc guidelines are changing within a.year. it will be better for cpp.,False,False,False,False
Safety &amp; efficacy of #CovidVaccine must follow science protocols - NOT political pressure. https://t.co/IQ0bDZ6ZU5,False,False,False,False
unveils online platform to ease #CovidVaccine #supplychain challenges - #COVID19 #pandemic #logistics #Cargo‚Ä¶ https://t.co/mVHWKQZ7Nm,False,False,False,False
One reason the CDC mask guidelines are so reprehensible.,False,False,False,False
"I love how all he‚Äôs saying is that ‚ÄúI don‚Äôt believe in the science of vaccines, the CDC guidelines, or the rest of the country that is aligned with the cdc‚Äù",False,False,False,False
Russia becomes first country to register a coronavirus vaccine. #Russia #Putin #coronavirus #CovidVaccineRace‚Ä¶ https://t.co/T1gouBKnnp,False,False,False,False
China‚Äôs Sinovac Biotech plans to start a clinical trial of its experimental vaccine against the coronavirus disease‚Ä¶ https://t.co/lblV2b6ep6,False,False,False,False
That's what the mayor says but the city still isn't following guidelines. ADH Dr. Dillaha's instruction to mask if vaccinated is not being followed by city employees. It is in the CDC guidance for areas of high transmission too.,False,False,False,False
I follow CDC guidelines and am fully vaccinated and I'm not a maga nut job but we have to start living again. If you are afraid stay home bc businesses need to resume and get back to normal life.,True,True,False,False
Hey care to explain why your board voted tonight to go against the CDC guidelines tonight?  What changed?,False,False,False,False
"Watchout, today #newzealand has an outbreak of five matching the US total on the last 10 seconds.‚Ä¶ https://t.co/NZySaC4VOI",False,False,False,False
After getting COVID-19 and waiting 3 months (per CDC guidelines)‚Ä¶  I finally got my 1st dose of the vaccine! üíâü•∞ #VAXXED  https://t.co/C9HmHApwoI,False,False,False,False
"Must read summary of #CovidVaccine development. Major conclusion:
Vaccine research for COVID-19 started before we e‚Ä¶ https://t.co/BDtl0DpGzM",False,False,False,False
"CREWNY's top priority remains the health and safety of our members. We ask that you comply with all COVID-19 safety guidelines established by the CDC &amp; NYC health authorities, including wearing a mask and maintaining safe distancing, to ensure a safe and welcoming environment.",True,False,False,False
"Experience 4, Medicaid (ACA) fights to not pay for pain medication (in accordance with CDC's 2016 Guidelines on opioid's.   Experience 5, pharmacies look at you as if your an addict. CVS pharmacist said ""he couldn't fill prescription, he takes aspirin and is fine- popped 2 fake",False,False,False,False
This type of dishonest health communication is why so many Americans don't trust public health officials. Don't pretend that the CDC is stating that vaccinated children should wear masks to bolster your guidelines. Just state honestly that California has a different policy.,False,False,False,False
"Mmmm, no, it does not.  The CDC‚Äôs guidelines clearly state that it can be varied by location as needed.  So, you lied just then.  https://t.co/CliBQY4jcJ",True,False,False,False
This #holocaust survivor just compared your #mandatoryvaccination agenda to #Nazi ideology‚Ä¶ https://t.co/65klmlCUdd,False,False,False,False
"Do they want reoutbreak of Covid19 in the ships?? No it won't. At least, they need to follow the CDC guidelines.",True,False,False,False
"üí∞Bill Gates on Track to Grow His Fortune Through Foundation‚Äôs Ties to Vaccine Makers ‚Ä¢ 
#COVID19 #Vaccines‚Ä¶ https://t.co/tnJ5qNEsoc",False,False,False,False
"What about our Protection under #ADA.  Phuck #PROP &amp; #CDC ""Guidelines.""  #ADA review from 2020: Our right to pain medications is the #LAW  https://t.co/iyxHeDsDHr",False,False,False,False
Latest #CovidVaccine update. started last stage trials for an antibody medicine against #COVID__19 wit‚Ä¶ https://t.co/teU0bccxQZ,False,False,False,False
"People who are fully vaccinated can travel within the U.S., according to updated CDC guidelines announced on Friday.  https://t.co/gcSa5MhcS2 02",False,False,False,False
A federal appeals court panel sided with the CDC in its legal battle with Florida over COVID-19 guidelines for cruise lines.    https://t.co/gmPv4PSR8z,True,False,True,False
#CovidVaccine I Trump forced vaccine in Oct. timeframe th‚Ä¶ https://t.co/CViUzCkIAi,False,False,False,False
Is it a bad time to remind everyone that ‚ÄúI Am Legend‚Äù happened because a pharma company rushed out a vaccine. So‚Ä¶ https://t.co/Bwz8H8MLGG,False,False,False,False
"My PMD told me in 2018 that DEA agent told him that ""they didn't care who suffers or who commits suicide they are going to get these drugs off the streets"". He also told me that the Direction for enforcing CDC guidelines came from Rick Scott who was Governor of FL at that time.",False,False,False,False
Masks are very effective ( https://t.co/9lyIaxtrOV) and help slow infection rates.  The CDC's guidelines state that ppl fully vaxxed don't need to wear a mask (but this may change if delta becomes more prevalent).   How many ppl do you think have died directly from the vaccine?,False,False,False,False
CDC releases updated guidelines for schools amid fall return,False,True,False,False
Moderna +8% on $1.5B vaccine supply agreement with U.S. government for initial 100M doses of mRNA-1273‚Ä¶ https://t.co/mMpm2DxiVj,False,False,False,False
"CDC just held a public meeting going over the Opioid Workgroup's report on the 2022 drafyt Prescribing Guidelines, a revision to the 2016 one. Here's pointing out the massive degree of conflicts of interest in the lead author, Roger Chou.  https://t.co/k398v8FqPs",False,False,False,False
"[Flash Of News] Russia offers to help US with Covid 19 vaccine; US says no https://t.co/wKKyJ6uImH qua 

L‚Ä¶ https://t.co/DWnCA71T3r",False,False,False,False
": BBT-68

Duniya ka pehla COVID Vaccine ,
Pehla shot to the daughter of Putin!!

#CovidVaccine 
#Russia
#hope 
#VladimirPutin

üòäüòä",False,False,False,False
I don't understand how schools can make a decision that goes against the CDC recommendations of all unvaccinated people wearing a mask. Is there another school district nearby that you can send your kids to- one that has Covid guidelines that you are more comfortable with?,False,False,False,False
An experimental vaccine developed by China's #Sinovac Biotech appeared to be safe in providing protection against t‚Ä¶ https://t.co/pYnMaQ9szB,False,False,False,False
CDC Updates Guidelines To Protect Kids From COVID In School.    https://t.co/AVyiTbAJtd,True,True,False,False
"When you ask a politician about pot, they'll tell you, more research is needed.    ""...here.."" üíâ  poke her face #CovidVaccine",False,False,False,False
"With its first shot given to Vladimir Putin's daughter‚Äî Russia, is now all set to unveil the Corona vaccine. #CovidVaccine",False,False,False,False
I must have missed CDC Guidelines that said you can go mask less on an airplane! According to the FFA You still needed to wear one. What makes you so special?  https://t.co/5uYtreRQXT,False,False,False,False
Trust a #Russian #CovidVaccine? https://t.co/aneX6foo1D,False,False,False,False
"Will the:
Rich
Movie Stars
Singers
and Select Religions
Still be immune to these rules?
#CovidVaccine",True,False,False,False
"Doctor, #Logic failed. #State parties can't promise considering work towards this‚Ä¶ https://t.co/20M8JVcSRL",False,False,False,False
"I was driving today when I heard thebnew CDC guidelines about children getting back to school - without masks and HEPA filters etc., because hey, they probably wont die. ü§¨ü§¨ü§¨ what about LC? What about their families? I am SO angry. Death isnt the only metric!",True,True,True,False
"I agree but for me I‚Äôm more interested in the government officials &amp; Congress since they are implementing policies against us‚Ä¶I want to know what medications they are on, what it is for &amp; are they following the cdc guidelines just like us including UAs",False,False,False,False
"If ANTIFA just means Anti-Fascism, than why did President Biden condemn them?",False,False,False,False
"BREAKING: The CDC says in-person learning for students this fall ‚Äúis a priority.‚Äù  *New guidelines state vaccinated teachers, staff, &amp; students don‚Äôt need to wear masks inside school buildings.  *Unvaxxed should still mask/socially distance in classroom.  https://t.co/Yj39ednE1w",True,True,False,False
Yes.  I did.  It said specifically that the extra hour was only for local elections,False,False,False,False
"As of 12:01 a.m. Monday, masks will no longer be required in Pennsylvania except in certain situations outlined in CDC guidelines.  https://t.co/KEB2HjUpRI",False,False,False,False
"A3: Some schools such as are not creating their own policies but are following CDC guidelines, a safe and effective course of action. #IntlEdNOW",True,False,False,False
"Hey , you want the silent majority outside of #nova to rise up in #Virginia ? Let your health #czar‚Ä¶ https://t.co/OSUmxiQEtw",False,False,False,False
While I'd trust Russia over china anyday. However they should have conducted phase 3 clinical trail‚Ä¶ https://t.co/GqFkBESJRd,False,False,False,False
"Who is the Best PM-

#RussianVaccine
#Russian #CovidVaccine #coronavirus",False,False,False,False
CDC guidelines doesn't recognize AstraZeneca/Moderna mix as being fully vaccinated. All cruise ships are not allowing Canadians to sail who had mixed doses. So glad we listened to JT.  You wonder why there's vaccine hesitancy?,True,False,False,False
Oxford University Covid vaccine trial put on hold due to adverse reaction in participant #CovidVaccine https://t.co/BxEpEtSfYK,False,False,False,False
Next step is ‚ú®not‚ú® to take the first or even second rounds of the new #covidvaccine just wait a little until you do https://t.co/yrzfk2z78V,False,False,False,False
"Lingo Ink Presents ""Open Mindz"" Health &amp; Wellness VS Vaccines Episode https://t.co/DBYgEAVQeZ via #health‚Ä¶ https://t.co/n0TBy2xVIJ",False,False,False,False
Vaccine Watch: Pfizer‚Äôs internal COVID-19 vaccine trial report finds no major safety issue. Check details ‚§µÔ∏è‚Ä¶ https://t.co/sSaGqs9NQm,False,False,False,False
"Apparently, I'm not the only one worried that #Trump will trade America's health for his own needs by politicizing‚Ä¶ https://t.co/XIXdeUdOMv",False,False,False,False
"We had an amazing virtual discussion last Friday with Sigma Xi fellow and virologist,  Dr. Mark Peeples. 

Here is‚Ä¶ https://t.co/7tURGDpQCh",False,True,False,False
KLL:ASX could become a 10 bagger stock by end of 2021. Production 2021. #stockstowatch #stockstobuy‚Ä¶ https://t.co/rbDKT6DLNl,False,False,False,False
We‚Äôre at war with #COVID19. Other countries are beginning to embrace third/booster shots. But the has issued negligent advice in an apparent attempt to cover up for ill-advised guidelines and to preserve what is left of summer. Make no mistake about our ‚Äúleaders‚Äù.,False,False,False,False
"Leave Fauci alone. Talk about Trump and Pence, who were in charge, CDC guidelines approved  by Administration.   Your constituents elected you to govern, not to create a "" witch hunt."" #DoYourJob",False,False,False,False
So it has only taken less than 2 months for countries/operators to reject people vaxxed with different makes.  The big cruise lines are following CDC guidelines and banning mixed vaxxed people .  Did no one in our govt foresee this?  ,False,False,False,False
"Who are these people!!üòÇüòÇ 
 #toi #covid19 #vaccine #covidvaccine #trending #googlesearch https://t.co/mZSXrm2XUA",False,False,False,False
"The Moderna booster is very strong. If you had a first shot Pfizer, I'd stick with that. The CDC guidelines state as much.  Canada is just doing what is politically expedient and not what's in the best interest of the patient.",False,False,False,False
This is why they don't want kids in schools yet. This is why need false-positive COVID19 numbers. Te‚Ä¶ https://t.co/p4IwGDMCJg,True,True,False,False
"Are you looking for a Logo Design for your brand?
You are in the right place, our DesignMasterTeam would love to wo‚Ä¶ https://t.co/DPuXde4lfH",False,False,False,False
"NYS OTDA and an aide to Cuomo tell me NYC doesn‚Äôt need state approval to move people back into shelters bc the governor lifted social distancing guidelines yesterday. Only rule is that people in shelters have to wear masks per CDC guidance, they say",True,False,False,False
"Asking people why they wear their masks outside, against CDC guidelines.  https://t.co/qS24VQdlgB via ",False,False,False,False
"Media slams Sputnik V but stays silent as Western pharma chases approval for its jabs

#CovidVaccine #SputnikV https://t.co/wX2ysZyQm4",False,False,False,False
"In an important development, Serum Institute of India (SII) has started phase two and three clinical trials of its‚Ä¶ https://t.co/LxaOXiY7b1",False,False,False,False
Organizations like mine follow CDC guidelines &amp; make no efforts beyond what is EXPLICITLY stated as public health regulations. There's been no HVAC improvement. There will be no masking there w/o a mandate. The onus is on our federal and state institutions to protect the public.,False,False,False,False
"You have moral responsibility to guide people in the right path.  If you can‚Äôt, that‚Äôs fine.! Just shut up and not contradict at experts and cdc guidelines. Sneering at experts  need to stop by right wing media.  Bear in mind, You are playing with people‚Äôs lives.",False,False,False,False
My opinion is the director of the CDC should be jailed for mass murder after issuing public health guidelines for the purpose of driving down worker wages.,False,False,False,False
"#Russia today recommended its #CovidVaccine Sputnik V for 18 to 60 year old persons. However, Russian scientist Ale‚Ä¶ https://t.co/7kwWypHCmX",False,False,False,False
"Our treatment centers continue to follow strict CDC operational guidelines and we encourage all new patients to bring their own reusable masks - gaiters, bandanas &amp; face masks w/valves are not permitted. Your new life is dawning at Hope House!  https://t.co/Kz2dSHGbXc",False,False,False,False
"Educators‚Äô unions appreciate the guidelines for CDC schools, but acknowledge the¬†challenges  https://t.co/hUvgduntvD",True,False,False,False
"CDC relaxes guidelines, says vaccinated teachers and students don't need to wear masks in schools  https://t.co/4QjgTxVMT7",True,False,False,False
thanks for your work! i had allergic reaction to new shingles vaccine shot no. 1. an‚Ä¶ https://t.co/mFchzxq03Z,False,False,False,False
girl i know from my old school went out without a mask even though she was fully vaccinated ü§®ü§® idc what the cdc guidelines are but that just sounds really weird to me,False,False,False,False
"States - Health belong to us &amp; you can‚Äôt tell us what to do because freedum  CDC - We‚Äôve given you vaccines, guidelines, PPE, &amp; metric assloads of $$$‚Ä¶ States- We‚Äôre dying! CDC - See above &amp; tell your citizens to stop being dumb",False,False,False,False
The CDC has issued guidelines for post-vaccination activities  https://t.co/EQx6oAyQ2I via ,True,False,False,False
"Coronavirus catches up with Usain Bolt, world's fastest man 
#Covid19Millionaires #CovidVaccine #covid https://t.co/D4FCPahiDb",False,False,False,False
"Moscow Mayor Sobyanin was vaccinated by the Russian anti #COVID„Éº19 vaccine #SputnikV. That is the same vaccine, fro‚Ä¶ https://t.co/rWH9N3Vs9n",False,False,False,False
Kids aren‚Äôt vaccinated so that is CDC medical  guidelines actually that‚Äôs what the CDC DOES recommend,False,False,False,False
"This would not be a story if it was a single county and that was the end. The reporting guidelines are from the CDC. Their own death count lists deaths only as ""involving"" Covid. Not from. Not caused by.",False,False,False,False
And they are calling it ‚ÄúSputnik‚Äù ü§ó after the spacecraft that took space dog Laika up past the clouds when I was 6‚Ä¶ https://t.co/jEDJTGXI1L,False,False,False,False
"she says she is not anti-vax, just covid19 vax. More attention grabbing I fear. On the bandwagon and‚Ä¶ https://t.co/GN0i2TqNsO",False,False,False,False
"Age Does Not Contribute To COVID-19 Susceptibility Study Suggests 
 
#COVID19 #age #study‚Ä¶ https://t.co/l2QN54rZZZ",False,False,False,False
"Ordinary Chinese residents could start receiving #CovidVaccine as early as November, according to Wu Guizhen, the c‚Ä¶ https://t.co/Rfk04Y5qLs",False,False,False,False
"This is why they don't want kids in schools yet. If you make the flu vaccine mandatory, FOREVER #CovidVaccine‚Ä¶ https://t.co/S8ifX0ivNP",True,True,False,False
Message: Return pain medicine access back to chronic pain patients and stop arresting doctors who treat us. We advocate the reversal of The War On Drugs  &amp;  2016 CDC Guidelines; under a false flag. They're hurting so many! Ppl are turning to illicit drugs in desperation.  https://t.co/sbvYFxjb9T,False,False,False,False
"Russian President Vladimir Putin launched a #coronavirus vaccine. 

#COVID19 #RussianVaccine‚Ä¶ https://t.co/Qrv37Euurb",False,False,False,False
"Compulsory vaccines for children, and no liability for manufacturers""!""! https://t.co/V7jNZ4YThw via https://t.co/XtSfnWyTPX",False,False,False,False
This Tory MP you‚Äôre chatting to just stated ‚ÄòI hope it‚Äôs a British company‚Äô that comes up with the first‚Ä¶ https://t.co/Ow43qiqcVx,False,False,False,False
"I'm not understanding the ""new"" CDC school guidelines. Kids don't need masks to protect them from covid since it's so low risk to them. Are the masks to protect vaccinated teachers? Isnt that what the...vaccine is for?? Masks are not normal. Kids need normal. #UNMASKOURCHILDREN",False,False,False,False
"OPINION | Why 'Sputnik moment' of Russia's first #COVIDVaccine triggered 'sour grapes' reaction in Western MSM

https://t.co/NFLLsJDPwO",False,False,False,False
President Rodrigo Duterte on Monday said he is ‚Äúvery happy‚Äù by the news that #Russia would provide vaccines free of‚Ä¶ https://t.co/VitruCjLuG,False,False,False,False
Same thing happened with the mask guidelines back in may if I remember correctly. Then one day Biden eased the guidelines and the CDC followed suit.,False,False,False,False
#DeBlasio to Keep #MaskMandate in Schools Enforced Despite #CDC New Guidelines:  https://t.co/9IYA0DjDMo,True,False,False,False
ETHealthworld | Brazil's Bolsonaro rejects coronavirus vaccine from China #CovidVaccine #Brazil #China #Coronavirus‚Ä¶ https://t.co/uFdg9j2LOT,False,False,False,False
"Around this time, the CDC's guidelines said the same. You've been making strawman points recently.",True,False,False,False
Realistically no #CovidVaccine before April 2021. Let's face it. The world needs to wait more 6 months #CoronavirusOutbreak,False,False,False,False
CDC guidelines still apply to private jets. Unless you believe the wealthy to have special guidelines?,False,False,False,False
"Dear Please let us know if California Governor will be included in this fascist censorship campaign, since he has us going against CDC guidelines?",True,False,False,False
imagine if cancer closed the world economies how fast we would have a cure it boggles the mind we can have a potent‚Ä¶ https://t.co/OE1X23cxRn,False,False,False,False
UK vaccines receive a green signal after being put on hold. Here‚Äôs a rundown of what happened this past week.‚Ä¶ https://t.co/lXjZpBhef7,False,False,False,False
"We have to get rid of the CDC Guidelines. Not revise them, eliminate them. Go back to the way things were before illicit fentanyl. Give us our meds and let God sort it out. Those who abuse, die. The rest of us will get back our QOL back. #opioidhysteria #illicitfentanylcrisis",False,False,False,False
Good to see Kate Bingham -  responsible for buying the UK #CovidVaccine stockpile - helping to test one of them out‚Ä¶ https://t.co/uJY2OgG0Br,False,False,False,False
"#COVID19
Could #CovidVaccine be okay..? https://t.co/VrUXpVS6FY",False,False,False,False
Ikr i can't wait to hear that crowd again but i hope they still follow the CDC guidelines,True,False,False,False
so you would be okay with drunk drivers as long as they don‚Äôt speed?,False,False,False,False
"We're presenting the 2021 Community Health Institute (CHI) and Expo as a hybrid event, August 22-24, in Orlando, FL. You may join in person, abiding by CDC guidelines for safety, or virtually from your home/office. Registration is open!  https://t.co/S9ItFUEmKI #NACHCEvents  https://t.co/epoazeJYp4",False,False,False,False
"After reviewing new COVID-19 guidelines, consistent with Center for Disease Control (CDC), CalOSHA guidance, as well as the Governor's r ...  https://t.co/KmtKqqXG7e",False,False,False,False
How are we told to follow the CDC when we don't even know who those ppl are .. they background.. thet experience.. we don't know these ppl .. but yall telling us to follow they guidelines ?ü§î,False,False,False,False
"Breaking News : #Russia released world's first #CovidVaccine.üòäüòä

#Putin said ""Russian health ministry has approved‚Ä¶ https://t.co/J9hEiUdslN",False,False,False,False
THREAT TO HUMANITY‚Äù WHY CDC UNSCIENTIFIC OPIOID PRESCRIBING GUIDELINES CANNOT BE REFORMED    https://t.co/S5VdNDNLJC,False,False,False,False
World Health Organization Director-General Ghebreyesus on Tuesday called on countries to share their supp‚Ä¶ https://t.co/gbzBi5K0AB,False,False,False,False
Stop torturing pain patients with false data &amp; propaganda on #opiod prescriptions being responsible for OD. They are not. The #DEA draconian methods #CDC put out false data &amp; guidelines that were used to ensure the suffering of Million. Nobody is listening/ helping those in pain.,False,False,False,False
READ AND LISTEN TO  https://t.co/UFRmYf1NsL #MAKETHISGOVIRAL STUDIES SHOW MORPHINE MILLIGRAM EQUIVALENT (MME) USED IN CDC 2016 OPIOID GUIDELINES ARE BOTH BOGUS AND UNSCIENTIFIC: THEY MUST BE REPUDIATED AND WITHDRAWN  1.  https://t.co/EmEj17ze19,False,False,False,False
"People who are fully vaccinated can travel within the U.S., according to updated CDC guidelines announced on Friday.  https://t.co/gcSa5MhcS2",True,False,False,False
"The simple fact is that irrespective of CDC guidelines the same people who refuse masks, refuse vaccines. Conversely, responsible people dont need mandates. They do whats right. The CDC cant be blamed for Delta. The GOP governors ignored it anyway.",False,False,False,False
Not enough room in classrooms to social distance.  The cdc knows this.  Their guidelines suck.  They need to reduce them,True,False,False,False
"Russia developed 1st Corona Vaccine in the world. It's approved and registered by Russian Government. 

President V‚Ä¶ https://t.co/ZHQm76wQta",False,False,False,False
Russia's deputy Prime Minister Tatiana Golikova on Wednesday said that the country is preparing to approve a second‚Ä¶ https://t.co/YAf0xehpgZ,False,False,False,False
The face mask guidelines from the American Academy of Pediatrics differ from updated school recommendations the CDC announced recently.  https://t.co/jr6zJaJTqF,True,False,False,False
"Many fully vaccinated have gotten COVD but will not die. The ones not vaccinated - their odds are not good. So your point is? Private planes do not require masks &amp;CDC guidelines say groups fully vaccinated when together do not have to wear masks. In DC, they have worn masks.",False,False,False,False
Enforcing a laws passed by Congress isn't the same as an EO and CDC guidelines that have no requirements to be met.,False,False,False,False
When #Russia announced its development of #CovidVaccine I saw many Ethio tweeps with fireworks &amp; balloon/champagne‚Ä¶ https://t.co/8wds8fYWSs,False,False,False,False
"So Russia finally ""Put-in"" some great effort and get us a sputnik-V after successful clinical trails. Great job.
üëè‚Ä¶ https://t.co/Z67k9icB6C",False,False,False,False
"June 30, 2021 GOP Congressman Chip Roy. Where were you when this happened? Ted Cruz massless on federal property before CDC guidelines changed.  https://t.co/mNx2rR6QqQ",False,False,False,False
Even kids are eager to get the injection.#CovidVaccine #coronavirus,False,False,False,False
Airlines were planning to lifting mask mandates on planes in Sept. I can see the writing on the wall if CDC starts issuing mask guidelines for the new ‚Äúvariant‚Äù,False,False,False,False
The Covid-19 vaccine candidate developed by Oxford University in partnership with UK-based global biopharmaceutical‚Ä¶ https://t.co/gOwWkJkir3,False,False,False,False
"California goes rogue, ignoring science and CDC‚Äôs COVID-19 guidelines.   https://t.co/fSKpetBGwG",False,False,False,False
"I don't know, I just listen to what our version of the CDC says and follow their guidelines. Here they say it's over pretty soon. Norway, Finland, Denmark and others are lifting restriction",True,True,False,True
Serum Institute of India CEO Mr poonwala said it will take another 4-5 years to make vaccine available for each and‚Ä¶ https://t.co/vcvpvDkZHr,False,False,False,False
".is looking to raise up to $1 billion (around Rs 7,500 crore) for Covid-19 vaccine development. Det‚Ä¶ https://t.co/LTXSkBcI90",False,False,False,False
"The discussion for SMAC is now about whether masks should be required inside. Most members recommend following CDC guidelines, which call for masks for the unvaccinated. It was pointed out that students still have to wear masks inside schools until July 13. #delhs",True,False,False,False
Perhaps he need to contact Russia their vaccine is up and running ... Sputnik 1 what could go wrong üò≥#CovidVaccine‚Ä¶ https://t.co/7B2HG2Py9r,False,False,False,False
"India Corona Vaccine Latest Update: Read here

#coronavirus #CoronavirusVaccine #CovidVaccine 

https://t.co/zQ97vnqb7e",False,False,False,False
Great to hear the covid vaccine is working. Thank you Russia hope this vaccine won't see caste creed color &amp; standa‚Ä¶ https://t.co/EaBGw5QkMq,False,False,False,False
If the 25m why 85m doses?! Surely that‚Äôs no less amoral than hoarding toilet paper. #vaccine #TheNewNormal‚Ä¶ https://t.co/l3L9aJhr6m,False,False,False,False
Exclusive: Fauci says rushing out a #CovidVaccine could jeopardize testing of others https://t.co/00hF6EPhy7,False,False,False,False
Delta: WHO urges fully vaccinated people to continue to wear masks as variant spreads   This is contrary to CDC mask üò∑ guidelines. Thoughts? #medtwitter #cardiotwitter   https://t.co/ID2gFzAHcw,False,False,False,False
"A) #COVID: 90% survival rate
#covidvaccine: 1)There isn‚Äôt any vaccine that finished the Treatment Phase3
2) will be‚Ä¶ https://t.co/lDvcehbGZG",False,False,False,False
"No sorry , you may want to check the cdc official guidelines.",False,False,False,False
"#Breaking
#CovidVaccine
#russiavaccine
Russia has developed 'first' coronavirus vaccine: Putin

MOSCOW: Russia has‚Ä¶ https://t.co/BXk46QMFJV",False,False,False,False
"Ight bruh just cuz the CDC relaxeD their guidelines doesn‚Äôt mean you can be ALL UP ON ME IN LINE , BACK THE FUCK UP. They got stickers on the floor for a REASON",False,False,False,False
"$HTBX my thoughts is Tcell standalone vaccine or booster for others, this needs more attention‚Ä¶ https://t.co/vstz1SQwF9",False,False,False,False
I did for about a month after the CDC guidelines changes and then I stopped,False,False,False,False
also reminds us that when someone says they would want a #COVIDvaccine to remind them to get a #FluShot and‚Ä¶ https://t.co/Jvmb8AI7f6,False,False,False,False
#webnews21 #ExaBFF #ExaBLINK #ExaAMRY #CovidVaccine #COVID #CoronaVirusUpdates #covidfreeworld #Bitcoin #usa‚Ä¶ https://t.co/WBRjKW9gov,False,False,False,False
Cdc guidelines sucked. They let unvaccinated use honor system. Didn‚Äôt work,False,False,False,False
"Just memes,no data?We all went to work outside of the home. Kids went to school, in person. We just followed CDC guidelines. We had 0colds, 0flus, 0tummy bugs. My family has never been so healthy. Wearing masks prevent the spread of many infections, not just Covid.  UR selfish",True,True,False,True
The California National Primate Research Center is in the news. Via #COVID19 #CovidVaccine https://t.co/HNin7U7TX8,False,False,False,False
Participants who received #CovidVaccine AZD1222 in phase I/II trial had developed detectable neutralising antibodie‚Ä¶ https://t.co/rgY8rc0Gi7,False,False,False,False
üì∑ Currently our only hope! Late post #inktober2020 #prompt ‚Äú #hope ‚Äù. #covidvaccine #covid_19 #doodlerbasically‚Ä¶ https://t.co/u3jJ9FuDOw,False,False,False,False
will not be enforcing the rules because they contradict CDC guidelines  https://t.co/hclKANhbQj via ,False,False,False,False
"Why do they say that? The CDC guidelines said if a person dies w/in 30 days of having COVID it is marked as a COVID death regardless.   If I kill myself 10 days after a positive COVID test, I died of COVID not suicide. That's an overcount",False,False,False,False
"Agreed.  Also needs to revise guidelines on masks.  Masks should be for all. Vaccinated and unvaccinated.  Especially indoors, for all events and/or offices and schools.",False,False,False,False
"Corona Update in India!
Total Confirmed:2.72M
Active Cases:0.67M
Total Recovered: 2M
Total Deaths:52163
Updated at:‚Ä¶ https://t.co/WTJDYzWQsu",False,False,False,False
"CDC leaving it up to states to set guidelines for masks, director¬†says  https://t.co/kyTHOTGMlj",False,False,False,False
"Notice the glaring omission of any mention of the NIH since the are neutral on IVM in C19. Which BTW, the NIH is the only US federal health agency responsible for creating treat guidelines.  Not the FDA or CDC!",False,False,False,False
#CovidVaccine  Reconstruction  of a Mass Hysteria: The Swine Flu Panic of 2009 https://t.co/3hltOyKQXD via ,False,False,False,False
Craig Bill Would Ensure Fair Distribution of COVID-19 Vaccine https://t.co/gqEWHQi3kz,False,False,False,False
CDC takes a 'sharp departure' in latest guidelines for schools:  https://t.co/EiidPwm1zh,True,False,False,False
I have been saying for a quite awhile now that we should be allowed to have access to all Congress &amp; govt officials their medical records to see what medications they are prescribed &amp; what they are taking it for &amp; are they are following the cdc guidelines‚Ä¶,False,False,False,False
"It's actually even worse than that, CDC's offcial guidelines for PCR testing of fully vaccinated people say that maximum of 28 cycles is to be used, while the standard for u vaccinated people seems to remain between 37-40 cycles. That's a huge difference ü§¨",False,False,False,False
‚ÄúThe CDC‚Äôs relaxed guidelines on masking are meant to reassure vaccinated people that they are safe from serious illness. And they are. But the picture is less clear-cut for the unvaccinated who interact with them.‚Äù,False,False,False,False
CDC director weighs in on mask guidelines as virus variant spreads  https://t.co/eNN3AoppgV  https://t.co/PGxkyHW9HW,False,False,False,False
"THIS is why it‚Äôs key that we don‚Äôt rush, and we certainly shouldn‚Äôt think that a vaccine by Election Day is remotel‚Ä¶ https://t.co/iGVNzxfMyw",False,False,False,False
"Trump used a marketing approach to the pandemic. He was a terrible communicator. I still don‚Äôt know his opinion on mask - ‚Äúfollow the CDC guidelines‚Äù, but he didn‚Äôt wear one. ü§¶üèΩ‚Äç‚ôÇÔ∏è",False,False,False,False
"‚ÄúDr. Anthony S. Fauci, director of the National Institute of Allergy and Infectious Diseases, which is overseeing t‚Ä¶ https://t.co/ioUkZ7R4Tp",False,False,False,False
"I‚Äôd like to add that all those covid cases could have definitely been avoided if the mass population followed all the cdc guidelines, cancer is not something you catch just by going to the grocery store",True,False,False,False
This is someone who clearly did not follow CDC guidelines or perhaps he followed the wrong CDC guideline,False,False,False,False
From August 18: #RobertLitan of  wants USGOV to pay each person $1000 to sell away their human genom‚Ä¶ https://t.co/UaluptBQ7j,False,False,False,False
"We all want news about COVID treatments. On October 22nd, Mike Sullivan, CEO of will be sharing the l‚Ä¶ https://t.co/BZjJDMVZCS",False,False,False,False
"Join the UF Center for European Studies for the free film series, ""Cinema on Tap"" at Cypress &amp; Grove. We are featuring the Hitchcock classic, To Catch a Thief. Grab your favorite person, your favorite local brew, and enjoy this suspenseful film! CDC guidelines will be followed.  https://t.co/Fclq81lzXi",False,False,False,False
"#CoronavirusVaccine #CovidVaccine 

Putin to Everyone rn : https://t.co/NiVqoenzgD",False,False,False,False
"""Well, I read that per CDC guidelines, masks are optional, so..""..",False,False,False,False
"Be part of the change! üåé

Research Centers of America is looking for adult participants interested in being part of‚Ä¶ https://t.co/S8sKR3eUhF",False,False,False,False
"People are talking about the economy of India and giving their views on it, with no analytical knowledge . It‚Äôs lik‚Ä¶ https://t.co/NcXEV04ble",False,False,False,False
It's about time the CDC established guidelines for areas in the pool to be designated for those with diarrhea...,False,False,True,True
View VYF's comments to on their discussion draft of the Preliminary Framework for Equitable Allocation of‚Ä¶ https://t.co/Gc0T9u8ITg,False,False,False,False
"BJP is openly offering #CovidVaccine in exchange of vote in #BiharElections2020 . #ElectionCommission should clear,‚Ä¶ https://t.co/ECHBLo6yzt",False,False,False,False
"guidance must establish a process for vetting a #COVIDVaccine that is evidence-based, independent &amp; transpa‚Ä¶ https://t.co/Br6sNCLuuU",False,False,False,False
"HOT topic...,continued (August 22, 2020; 10:18 HKT) #covidVACCINE #covidVACCINE",False,False,False,False
"""The 1986 decision by the U.S. Congress to grant total legal immunity to #vaccine manufacturers has resulted in dec‚Ä¶ https://t.co/WI2neVbugM",False,False,False,False
"Great news for ‚Å¶ and #globalhealth , but we will need to also focus on HOW we will deliver this #CovidVaccine!‚Ä¶ https://t.co/jRyz1IpFHR",False,False,False,False
More than 225 Mumbaikars have volunteered to take part in the Phase II and III trials of #Covidshield ‚Äì the potenti‚Ä¶ https://t.co/K9KkXko45L,False,False,False,False
We are carefully following all CDC guidelines in order to keep you and your loved ones safe while also caring for your teeth.  #anthemaz #anthemsmile #dentist #oralhealth #dentalpractice #smile  https://t.co/hRig85D7RG,False,False,False,False
California virtue signaling and not following the science... I love it.  Los Angeles Times: California to require masks in schools despite CDC guidelines.  https://t.co/4CXCFBaDbp,False,False,False,False
4)..It now appears that the #CDC is back-tracking on its guidelines that vaccinated people do not have to wear masks. 'Vaccines may not protect those who are' immunocompromised'. Such a broad term could very well mean that everyone who was fully vaccinated needs to wear a mask..,False,False,False,False
"India‚Äôs #COVID„Éº19 vaccine may be available by end of 2020: Union Health Minister Dr. Harsh Vardhan on August 22, as‚Ä¶ https://t.co/bSaKvuiRFo",False,False,False,False
"https://t.co/DX4dzpAGAo

Are you going to get Vaccine for corona for this year 2020ü§®üßêüòïüòü‚Ä¶ https://t.co/neR4EILXe2",False,False,False,False
"The first Battery 37 watch party of the 2021 season is almost here! Join us in Westfield for our first get-together in a looong time.   üÜö üìÜ Wednesday, July 7 üï¢ 7:30 PM ET üìç- Westfield ‚ö†Ô∏è If you are not vaccinated, please wear a mask per CDC guidelines.  https://t.co/JytEv5o9Me",False,True,False,False
New CDC guidelines:   1. Fully vaccinated people do not need to worry about masking up or physically distancing in any setting.  2. Fully vaccinated people do not have to quarantine or test after a known COVID-19 exposure.   #CDC #Covid #CoronaVirus #HealthCare #Masks #Mask  https://t.co/InoBUwCi0F,True,False,False,False
"I don‚Äôt think now is a good time to get arrested for lewd conduct. Jail consists of a cell, and the room that they shoehorn you in doesn‚Äôt not accommodate for CDC guidelines.",False,False,False,False
"What kills me is I don't think they even believe what they paid ABT Marketing and PRR to deliver the 2016 CDC Guidelines nonsense! And these, ""Opioid pain medicines are bad"" policies are being picked up in several other countries! A previous statement from CDC said meds were good",False,False,False,False
Wearing a mask indoors doesn't protect vaccinated people from unvaccinated people who aren't wearing masks. If the CDC wants masks they need to change their guidelines so everyone is required to wear them indoors again.,False,False,False,False
We have to do a better job in education Americans! CDC should be mailing out to every address what you need to know and set up a hotline since states have not followed the guidelines. Old school but it works!,False,False,False,False
"California Will Keep Masking, Testing In Schools Despite CDC Guidelines That Vaccinated Teachers, Students Don't Need Masks  https://t.co/3hf8T7fm7t",False,False,False,False
You clearly don‚Äôt watch the news. Tucker Carlson is not the news.  There are no CDC guidelines preventing people from gathering with family and friends. You don‚Äôt have to live in denial of COVID to make memories.,False,True,False,False
"may reach the efficacy datapoint this month, but wants to have two months of safety data post 2nd injection‚Ä¶ https://t.co/hg5NUlCQYm",False,False,False,False
"The CDC guidelines state a vaccinated person can be maskless. But, you are not allowed to ask their vaccination status. Catch-22...ü§∑‚Äç‚ôÄÔ∏è",False,False,False,False
My favorite is when they put the disclaimer at the bottom saying that the commercial was filmed prior to the planned-demic or that CDC guidelines were practiced during filming. WHO CARES?,False,False,False,False
"They went. Their choice. Article doesn't indicate anything other than a number.  99.5% or better survival rate for healthy adults or so CDC says.  If they did/didn't follow guidelines, they can't blame anyone but themselves.",False,False,False,False
"No guarantee the will listen to science or reason, but still a relief so many are starting to come forward to say their guidelines are bad.",False,False,False,False
Federal judge sides with Florida in lawsuit with CDC over cruise ship guidelines  https://t.co/CTFo4Mx37B  https://t.co/v4i8nh841s,True,False,False,False
Our open enemies as Black people will never have our best interest in mind. Also not all 'skinfolk' is 'kinfolk'. S‚Ä¶ https://t.co/0LZ5YMIs3V,False,False,False,False
"Are you looking for a Logo Design for your brand?
You are in the right place, our Designart99 Team would love to wo‚Ä¶ https://t.co/AT3mu85MJL",False,False,False,False
"Bharat Biotech is doing a great work..
#BharatBiotech 
#CovidVaccine https://t.co/CGvCBJUVkr",False,False,False,False
"Do you think india should order covid19 vaccine made by Russia as soon as possible ?
#RussianVaccine 
#CovidVaccine‚Ä¶ https://t.co/rfGMCl2Emo",False,False,False,False
CDC issues school mask guidelines. What it means for Bay Area schools  https://t.co/XGDCrYrNbU,False,False,False,False
"#COVIDVaccine 
I for one will NOT take a rushed g‚Ä¶ https://t.co/Jj06BNe94Z",False,False,False,False
$MRNA üá∫üá∏ #Moderna stock rally fades as analysts weigh in on what U.S. government supply deal means for COVID-19 vac‚Ä¶ https://t.co/hoxlGWm9Wa,False,False,False,False
"Breaking news : Nepal announces first Covid 19 vaccination.

#RussianVaccine
#CovidVaccine",False,False,False,False
"This is pathetic!

A supposed labor-leader defending #BigPharma?

The 4 major vaccine manufactures are‚Ä¶ https://t.co/392aLdTueD",False,False,False,False
Health officials worry nation not ready for COVID-19 vaccine https://t.co/UUkxjRiXZ9 #COVIDVaccine #USHealth,False,False,False,False
I wait #whatiwantedtosay #COVID19 #COVID19Aus #russia #CovidVaccine https://t.co/coHK5eOpkj,False,False,False,False
"CDC's job: To provide trends on ""expensive and dangerous"" health threats.  FDA's job: To provide info about the nation's food and drug supply.  So why is the CDC publishing guidelines about prescribing drugs when it's FDA's expertise?  üëá",False,False,False,False
"Vaccinated teachers and students don‚Äôt need to wear masks inside school buildings, the CDC said Friday in relaxing its COVID-19 guidelines.   https://t.co/eZ28gh0bus",False,True,False,False
"Oxford, AstraZeneca Halt COVID-19 Vaccine Trial After Stage 3 Testing Volunteer Falls Sick

#oxfordvaccine‚Ä¶ https://t.co/K0LikEK3Kl",False,False,False,False
"I've never seen someone squirm this much... 
#billgates #BillGatesBioTerrorist #covidvaccine #covid",False,False,False,False
Wow it's about time there is some sort of PSA warning the public about illegal fentanyl smuggled into the US! Pain patients have been screaming this since the 2016 CDC Guidelines So far it's been crickets from instead CDC counted illegal fentanyl as a legal TX,False,False,False,False
Important the link is here #CovidVaccine üëâ https://t.co/EboReP8Rh7 https://t.co/iuj6Lw437u,False,False,False,False
"Glad to see more spotlights starting to shine on the questionable policies and guidelines of the CDC. Here‚Äôs another good article detailing the possible miscues, or outright errors.",False,False,False,False
"India's hunt for #Covid19 vaccine. Take a look at this report. ((
#Coronavirus‚Ä¶ https://t.co/vFQWeS9Kiy",False,False,False,False
"Guidelines for Covid-19:  Please practice social distancing - Do not share food and drinks If you are experiencing the following symptom - extreme difficult breathing,  please call 911 right away  You can do a million different things at home to stay sane: blob  and  think.",True,False,False,False
"Russia has developed a vaccine!

My Prediction: WHO will soon come with a study that will prove the vaccine does no‚Ä¶ https://t.co/KlQKjfml42",False,False,False,False
"going in to (some) stores that post CDC guidelines ‚Äòno masks for vaxxed ppl‚Äô. This non-lethal virus got my attention, though! I‚Äôm sure I picked it up going thru those low-vaxxed states. It wasn‚Äôt COVID THIS time. And the vaccine, which I am totally grateful for, 3/",False,False,False,False
"You were right. The station's statement: ""April Moss objected to WWJ-TV's policies regarding COVID-19 testing and wearing masks inside our station, which are based on CDC, state and local guidelines."" Also...",False,False,False,False
"What are the Challenges faced by you due to #CoronaPandemic...?

Small or large, any Problem faced by you... Please‚Ä¶ https://t.co/1df8f8i6Hv",False,False,False,False
"a. The CDC does NOT say vaccinated people must go around maskless. It says they can lose their masks, with a lot of caveats. Telling people not to wear masks is not ""contravening CDC guidelines"", any more than telling people to drive more slowly at night is against traffic code",False,False,False,False
"In June, South Africa began recruiting participants for the continent's first #covidvaccine trial. Researchers were‚Ä¶ https://t.co/waM9ggA9sC",False,False,False,False
"And this: 5 million doses exposed to room temperature...in South Korea.

Now imagine the -80C $bntx $pfe vaccine.‚Ä¶ https://t.co/wMNmaeXqRk",False,False,False,False
"At the end of the day Democrats want you to wear masks and get vaccinated. They've always wanted you to follow the CDC guidelines.  Republicans have fought this at every turn and are only now ""coming around"" because their precious stock market took a hit.",False,False,False,False
Does the CDC or WHO have any guidelines on how to deal with dumbasses? That may come in handy over the next few months. #mondaythoughts,False,False,False,False
"You mean Dems that are vaccinated, following cdc guidelines for vaccinated people and not having any symptoms because they are protected.  Considering your network pushes misinformation and straight out anti vax views on some shows this is rich",False,False,False,False
"This article is a bit confusing. The headline doesn‚Äôt say for unvaccinated only but in the article it says, ‚ÄúAll vaccinated students and teachers can go without a mask indoors, according to CDC guidelines updated today.‚Äù #GetVaxxed",True,False,False,False
As if by magic... #CovidVaccine https://t.co/4MCa4zZh7r,False,False,False,False
"CDC guidelines on clean-up. Honestly, anything you can‚Äôt boil should probably be discarded ‚Äî better safe than sorry. üòï   https://t.co/NVkJOEYof0",False,False,False,False
"possibility of re-infection does NOT render the vaccine USELESS...,(August 28, 2020; 12:45 HKT) #covidVACCINE #COVID2019 #COVID",False,False,False,False
"#Novavax said on Monday it started a mid-stage study of its experimental #COVID19 #vaccine in #SouthAfrica, as the‚Ä¶ https://t.co/BIKN4u5mlM",False,False,False,False
"Coronavirus Vaccine Tracker.
Updated: Sep 3, 2020 

Phase 1: 24 
Phase 2: 14
Phase 3: 9
Limited: 3
Approved: 0‚Ä¶ https://t.co/u6MPmO4K4K",False,False,False,False
"#RussianVaccine #Russia  #coronavirus #CovidVaccine
Thanks Umcle pumtin ‚ô•Ô∏è‚ô•Ô∏è https://t.co/KPUnQlAqV0",False,False,False,False
"If you were to participate in a voluntary trial for a Covid vaccine. Which one would you trust whole heartedly and try

#CovidVaccine",False,False,False,False
"are still alive. What life you want to live?
#COVID19 #coronavirus #lockdown #CoronavirusVaccine #COVID19pt‚Ä¶ https://t.co/iLs3r55vWv",True,True,False,False
"May his recovery be quick &amp; easy. Thank you for sharing. It is terrible MSM &amp; CDC are not reporting. The spin &amp; guidelines are causing vacc‚Äôd to feel invincible. Please make sure it is reported. Also, try to get him to move &amp; not lie on his back. Wishing your whole family healing",False,False,False,False
Are you serious? Like just read the FDA and CDC paperwork dude It's an extremely rushed stripped-down set of guidelines.  The fact of the matter is that MRNA vaccines have been attempted to pass FDA guidelines for 30 years unsuccessfully.,False,False,False,False
So how many on that plane?  That 95% effective working out?  Being vaxxed working out?  They already gave it to a member of Pelosi‚Äôs staff so it doesn‚Äôt stop the spread either. Explain how this is a vaccine and how you defend a picture of anyone violating cdc guidelines please.,True,False,False,False
Oh no! What on earth will #ScottyFromMarketing do now? #auspol  #CovidVaccine #NotMyPM #ScottyFromBunnings‚Ä¶ https://t.co/PMZAz1yW0r,False,False,False,False
"""There is quite a possibility that the American public won't accept a vaccine because of all the things that are go‚Ä¶ https://t.co/syG0dpm8gX",False,False,False,False
"Death toll in Mexico crosses 69 thousand, reached fourth place after America, India, Brazil.
#COVID19 #CovidVaccine‚Ä¶ https://t.co/P1S9WoBEre",False,False,False,False
#INR opened at 73.68 levels as local &amp; Asian equities are trading in red. The trials of front-runner in‚Ä¶ https://t.co/eNocy9vZ33,False,False,False,False
Ky. Dept. of Education reviewing new CDC mask guidelines; will issue guidance to school districts  https://t.co/2UmRVuMOgv ,False,False,False,False
"It doesn't matter how many 
Resources you have 
If you don't know how to use 
Them, it will never be enough.‚Ä¶ https://t.co/NKhh7YDXwD",False,False,False,False
"#Cruise lines likely to follow CDC rules, no matter court decision (Cruise lines will continue to exceed CDC guidelines and recommendations! Who is this mysterious ""expert?"") fr  https://t.co/9H9j2vqtMX",False,False,False,False
"Not murky when they log the data‚Ä¶  State data, cdc guidelines and #4 in the nation in deaths per capita, top 15 globally when comparing states to countries.  https://t.co/9cT9lPZYXi",False,False,False,False
"Noah Brown: ""Experimental Research for COVID-19 Treatment gets Boost from 4,000 Shincheonji Church Members"" (Zambia‚Ä¶ https://t.co/yT9LbZnvGx",False,False,False,False
"The biggest flaw in CDC guidelines are based on people being honest about whether or not they're vaccinated, people being smart and wearing masks if they're not and at minimum requires people have a brain.",False,False,False,False
The civic-run King Edward Memorial (KEM) Hospital in #Mumbai began phase II and III trials of the Oxford Covishield‚Ä¶ https://t.co/67ntLgYrkD,False,False,False,False
Interesting listen over my wfh coffee #covidvaccine https://t.co/rkA5Qqrneh,False,False,False,False
"The thing that also kills me is: when or if a #CovidVaccine comes to be, the anti-vaxxers‚Ä¶ https://t.co/9hI9EdvD1J",False,False,False,False
This is why Vaxart has the answer with their covid pill vaccine #Warpspeed #vaxart #CovidVaccine,False,False,False,False
"Only mad when the CDC guidelines are not followed by state, county or city agencies for political reasons and not the same science from ",False,False,False,False
This Russian #CovidVaccine is 100% going to turn into the plot of ‚ÄòI am Legend‚Äô ü§∑üèº‚Äç‚ôÇÔ∏è. https://t.co/FukRiEufAb,False,False,False,False
"Which part ofüëáis so hard to understand, Many of us are boycotting flying until you lift the mask mandates. You don‚Äôt wait for CDC to set guidelines for your flight route, why are you allowing them to dictate to you. CDC has lost its credibility!",True,False,False,False
"Vaccinated teachers and students don't need to wear masks inside school buildings, the CDC said Friday. Read the new guidelines here.  https://t.co/ihiyOBzx60",True,False,False,False
"Moderna Vaccine won't be Ready before Election-- a Big Setback to President Trump 
#Moderna #Modernavaccine‚Ä¶ https://t.co/Bokw8uaA1y",False,False,False,False
Is it really a shocker that I'm disappointed in yet again? The CDC guidelines still say unvaccinated people should wear masks and it's no longer required for any staff members per an email sent out today.,False,False,False,False
"#CDCGuidelines ignore science, contradict their own collected data: 99.97% of youth under 18 survive Covid without vaccines or masks. #FollowTheScience or turn in your credentials!!! Forcing kids to vax or mask is #ChildAbuse of the worst kind! Shame, shame, shame!",False,False,False,False
"This... major concern here in the Midwest. We have guidelines. We have the CDC, American Academy of Pediatrics statements. This is not over for parents of young kids. Just because some facilities don‚Äôt abide by evidence-based recommendations does not mean it‚Äôs okay.",False,False,False,False
"We MUST start putting the pieces together! The CDC is NOT ""revising/expanding"" their ""Guidelines"" because of public outcry &amp; the mass suffering &amp; avoidable deaths that have predictably resulted. They are doing it because it's PART OF THE #NationalPainStrategy Agenda!",False,False,False,False
"The virus is here to stay for at least an year, extending it by 21 days would not have any positive eff‚Ä¶ https://t.co/flLnT94XUJ",True,False,False,False
"A mystery illness suffered by a participant has put the largest COVID-19 vaccine trial on hold, drug maker Johnson‚Ä¶ https://t.co/eCTUNQtQU9",False,False,False,False
"We Laughed At Ganesh Gaitonde's Dialogue
""Sab Marr Jaayenge Bas Trivedi Bachega""

But Now It Seems Like ""Trivedi"" M‚Ä¶ https://t.co/riyhhkkeFA",False,False,False,False
"*CDC Guidelines=Unscientific *CDC have NO business establishing ‚ÄúGuidelines, Rules or Law regarding Prescription of OpiatePainMeds. *The CDC ‚Äúopioid crisis‚Äù DOSE LIMITS PainMeds. *DEA Overreach-REDUCED SUPPLY by 53% üíâFentanil OD DEATH Crisis #RemoveCDCguidelines  #DefundTheDEA",False,False,False,False
Never said that. Never said unvaxxed should be masked. Never said people should lose rights. Pointing out the contradiction to CDC guidelines they‚Äôve lectured about following for the last year +. People should make choices right for them. Chill&amp;stop putting words in my mouth,False,False,False,False
"..acknowledge the 100‚Äôs or maybe 1,000‚Äôs of CPP‚Äôs who by now have committed #SuicideDueToPain because of the CDC Guidelines &amp; DEA crackdown on anyone taking or being prescribed Opioids. Erin posted these messages days ago  &amp; then took her own life because she couldn‚Äôt deal 2/3",False,False,False,False
"CDC updates mask guidelines for K-12 schools, strongly recommends vaccination for children  https://t.co/kbL3laddTN",False,False,False,False
Trudeau Confirms That Approved COVID-19 Vaccine Will Be Free for All Canadians #Covid19UK #CovidVaccine‚Ä¶ https://t.co/IIyDRt29hP,False,False,False,False
We are carefully following all CDC guidelines in order to keep you and your loved ones safe while also caring for your teeth.  #barnumdental #dentist #oralhealth #teeth #smile #stratford #stratfordct  https://t.co/E1XaUKFVgy,False,False,False,False
"With all the information Dr. Fauci has given us, with all we know abt Putin, it‚Äôs enough to be sure they have NOTHI‚Ä¶ https://t.co/sMYkyUDEO8",False,False,False,False
"The reason it hasn't ""lived up to expectations"" is because of the number of people here who took the warnings seriously and followed the CDC guidelines.  I'm pretty sure the people of India don't think it's a joke.",False,False,False,False
