text,annotation_72,annotation_74,annotation_76,annotation_71
"






#CovidVaccine
#WaitForVaccine‚Ä¶ https://t.co/GHykGOQww6",vaccination,vaccination,vaccination,vaccination
CDC Updates School Guidelines For Students Returning In The Fall  https://t.co/hoh6se5Lh3  https://t.co/OmDEcETUgW,lockdown,"masking and distancing,lockdown","masking and distancing,lockdown",
Who will get the first doses of a coronavirus vaccine?  experts have some ideas‚Ä¶ https://t.co/3kq3Aw7KUu,vaccination,vaccination,vaccination,vaccination
CDC puts in place new guidelines on masks in¬†schools  https://t.co/Su6Vk82t32,masking and distancing,masking and distancing,masking and distancing,masking and distancing
"People who are fully vaccinated can travel within the U.S., according to updated CDC guidelines announced on Friday.  https://t.co/gcSa5MhcS2 04","masking and distancing,vaccination",lockdown,vaccination,vaccination
A Charlotte flight bound for the Bahamas was canceled after a group of students from Boston refused to follow CDC guidelines.   https://t.co/RKVQpWZKZD,"masking and distancing,lockdown",lockdown,,lockdown
"Vaccines are not required, but recommended. They'll follow CDC guidelines for quarantining and then those students will be able to return to the program. ","vaccination,lockdown",vaccination,"masking and distancing,lockdown",lockdown
any idea why testing is lacking? Any idea that might save us from delta covid? Mask mandates should be state wide or are you just going to awe shucks grin &amp; spin &amp; do nothing to follow cdc guidelines? Override trumps monkeys legislation with public health emergency,masking and distancing,masking and distancing,,
"Kamala Harris is making her first trip to the border by visiting El Paso. Meanwhile, Texas AG Ken Paxton is asking a judge to end the ""catch and release"" rule at the border, citing CDC guidelines.¬†  https://t.co/taxRGdI05C",masking and distancing,lockdown,lockdown,
"How Close is The World To A Coronavirus Vaccine?
#Coronavirus #CoronavirusVaccine #vaccine #covidvaccine https://t.co/2s3s4S2KVk",vaccination,vaccination,vaccination,vaccination
#CareCenterForAllergyAndAsthma #CCAA #allergy #asthma  #immunology #chicago #buffalogrove #algonquin #AllergyAwareness #AsthmaAwareness #Awareness #COVID #COVID19 #corona #coronavirus #virus #socialdistancing #CDCGuidelines #CDC,vaccination,"masking and distancing,lockdown",,
"Now, NYC was required to follow CDC guidelines, and a lot of parents thought they were a waste of time and hybrid instruction is horrible. So maybe that had something to do with it. But that wasn't teachers.  However....",lockdown,lockdown,,
So you didn‚Äôt trust the CDC?  That‚Äôs not their guidelines,masking and distancing,masking and distancing,,
"so, is it time to be happy or not yet? #CoronaVaccine #CovidVaccineRace #covidvaccine #corona #COVID19 #Covid_19‚Ä¶ https://t.co/6jX4WxQITs",vaccination,vaccination,vaccination,vaccination
"INDIA- officially 3 millions, Unofficially- 100 millions.
Government- officially- Stay home Unofficially- Work or P‚Ä¶ https://t.co/npaXYeICZq",vaccination,lockdown,lockdown,
Coronavirus vaccine may come sooner than the 24-36 month prediction Dr. Angela Clendenin‚Ä¶ https://t.co/1MA9zdC25X,vaccination,vaccination,vaccination,vaccination
"For those who refuse to get their shots, OSDH is asking them to follow CDC guidelines and wear a mask when appropriate. will have more coming up on KTUL news at 4, 5 and 6.","masking and distancing,vaccination",masking and distancing,masking and distancing,masking and distancing
"Looks like #CovidVaccine will also meet fate of #PolioVaccine.

BTW, what happened to #EconomicBoycott? https://t.co/X5K6AyW1XV",vaccination,vaccination,vaccination,vaccination
"MASKING DISCLOSURE https://t.co/l7wKkIjvFG via 

#covid19Qc #WakeUp #mandatoryvaccination #Agenda21‚Ä¶ https://t.co/YDl1PM8GEG",masking and distancing,masking and distancing,masking and distancing,"masking and distancing,vaccination"
"I agree. I was telling my coworker this morning that I don't have faith in the CDC right now. How they are not following the WHO'S mitigation guidelines is mind blowing and down right shameful. We must vaccinate, mask up and social distance! This Delta variant is no joke!","masking and distancing,vaccination",masking and distancing,vaccination,masking and distancing
"What if‚Ä¶ and, hang with me here‚Ä¶ what if the kids aren‚Äôt vaccinated, so they‚Äôre simply following cdc guidelines? I know I know, crazy",vaccination,vaccination,vaccination,vaccination
#BREAKING: The CDC is relaxing mask-wearing COVID-19 guidelines for teachers and students. Vaccinated teachers and students no longer need to wear masks inside school buildings.   https://t.co/mKdXsAAlz9,masking and distancing,masking and distancing,"masking and distancing,vaccination","masking and distancing,vaccination"
Citizens United has made the voices of citizens irrelevant. Insurers as first payers has made the voices of patients irrelevant. The CDC Guidelines of 2016 made the voices of physicians and patients irrelevant. But silence is not an option. #VoicesUp,,masking and distancing,lockdown,
"Here is an excellent podcast about the process, progress and challenges of developing covid vaccine

#COVID19‚Ä¶ https://t.co/Z0wUY1dRxI",vaccination,vaccination,vaccination,vaccination
The CDC has clarified that opioid guidelines don't apply to end-of-life care. #Opioid #EndofLife  https://t.co/OwfmxlMHuo,vaccination,vaccination,,
"Sisolak isn‚Äôt an idiot. Look around, the number of people in masks isn‚Äôt a lot. No pressure there. Also, the forced masking of vaccinated individuals made many people delay getting the shot and the CDC realized this when they revised the guidelines.",masking and distancing,masking and distancing,"masking and distancing,vaccination","masking and distancing,vaccination"
Planning to reopen your building or increase building usage following reduced operation? Be sure to follow CDC guidelines to ensure the water quality is safe. Visit  https://t.co/gXZIQQKSQd to learn more or contact us at dwmconnect https://t.co/uGVK38j7OM,masking and distancing,masking and distancing,,lockdown
If the cruise lines want guidelines then they can talk to legislators on Capitol Hill and persuade them to pass legislation pertaining to cruise ships. Otherwise what business does the CDC have in telling anyone to do something?,,masking and distancing,"masking and distancing,lockdown",
"Covid 19 Research And Vaccine Ecosystem Reviewed By PM Modi

#COVID__19 #CovidVaccine 

https://t.co/yVjLpUEnrh",vaccination,vaccination,vaccination,vaccination
How you gon tell me my hep b vaccination doesn‚Äôt count bc it was within 6 months of the other one and doesn‚Äôt follow cdc guidelines??? Nigga I was a baby when I got it and now you‚Äôre telling me I have to get another one????,vaccination,"masking and distancing,lockdown",vaccination,vaccination
"From what I've read, the ""problem"" is that it can also kill cancer cells.. don't think the governmen‚Ä¶ https://t.co/ir2yTD18ki",vaccination,vaccination,,
They were simply not following CDC guidelines which they‚Äôre required to do. The mistake has now been rectified. Hopefully will follow will follow suit,lockdown,masking and distancing,,
Isn‚Äôt it funny when something has a direct &amp; instant impact on the economy and the rich vaccines‚Ä¶ https://t.co/eHG5VZEmFY,vaccination,vaccination,vaccination,vaccination
Why are they not following CDC guidelines? I feel bad for the children.,lockdown,masking and distancing,,
"STOP giving Cluster Fluck credit for the COVID-19 vaccines! It was Germany!  #45 lied, with held info, spun sci-fi conspiracies, down played the Pandemic, discouraged CDC Guidelines.he lied, people died! He will jump on any wagon if the music sounds good, till he has to dance!üíô",vaccination,vaccination,vaccination,vaccination
"My plea to take the vaccine, me and my family has been fully vaccinated and i had no side effects, me and my family has never lifted the CDC guidelines to this day, vaccines are not a 100 percent effective, don't let your guards down just bc you are fully vaccinated, be smart.",vaccination,vaccination,vaccination,vaccination
.do you REALLY expect anyone to inject themselves with your snake oil version of a rushed to marke‚Ä¶ https://t.co/uyokenZqNz,vaccination,masking and distancing,,
"Guess only #RedStates get the #CovidVaccine then?

But, since Trump‚Äôs base are all about‚Ä¶ https://t.co/mHffagJoNv",vaccination,vaccination,vaccination,vaccination
Nurses union calls on CDC to reinstate universal mask guidelines  https://t.co/N5GqkT3Vpm,masking and distancing,masking and distancing,masking and distancing,masking and distancing
Vaccines! We want to know your attitudes towards vaccinations and about your personality in this brief online study‚Ä¶ https://t.co/4YkERkYVUw,vaccination,vaccination,vaccination,"masking and distancing,lockdown"
"#Putin taking orders for #CovidVaccine from rest of the country 
üòÇüòÇüòÇüòÇ

#RussianVaccine https://t.co/zASFOWDHrl",vaccination,vaccination,vaccination,vaccination
Is Kamala Toe being quarantined as per CDC guidelines?  https://t.co/J66Ie50bom  https://t.co/KX3Z9DHWL9,lockdown,lockdown,lockdown,lockdown
"It our govenor said on national news its under control. So much of aw shucks spin and grin who has never tired to help meditate the pandemic, first to open, first to oppose mask mandates, returned to FTF classrooms all before cdc guidelines met.",masking and distancing,masking and distancing,masking and distancing,masking and distancing
It seems like this 2015 review article was tailor made for PROP‚Äôs CDC guidelines. Is this a valid review? Cherry picking for high addiction rates?,,"masking and distancing,lockdown",,
Western MSM Chastise Russia For Taking Timely COVID Measures Which US &amp; EU Failed to Do ‚Äì Scholars #COVID19‚Ä¶ https://t.co/XqLatEYhB5,vaccination,"masking and distancing,lockdown",,
Not to mention people refusing to adhere to previous CDC guidelines. Like we‚Äôre all just trying to live and do our jobs so we can make enough money to survive and some people really have to pull this shit on us? I know ranting on tweeting this won‚Äôt change anything but I‚Äôm tired.,lockdown,lockdown,,
"This news is not good for the availability of #CovidVaccine
Johnson &amp; Johnson pauses Covid-19 vaccine trial after '‚Ä¶ https://t.co/5mi3F5Qca1",vaccination,vaccination,vaccination,vaccination
"#JohnsonAndJohnson pauses #ClinicalTrials for a #CovidVaccine over #PatientIllness

The trial was paused after an ‚Äú‚Ä¶ https://t.co/MHGlGizXYF",vaccination,vaccination,vaccination,vaccination
"How about the over 6,000 reported dead from adverse reaction to the jab? Do those live not matter?  This is also only estimated to be 1% of death being reported due to CDC guidelines on reporting events with is a short time after shot. Yet we know more died past the CDC timeline  https://t.co/oAGGAKed9Q",,vaccination,,
"Wande Alimi from Africa CDC: AMR affects treatment of TB, malaria, HIV, cholera &amp; other conditions: often guidelines for AMS don't reflect African context: African CDC &amp; partners have developed treatment guidelines for common conditions seen #CwPAMS.  https://t.co/ngvXVsxOLP",vaccination,"masking and distancing,lockdown",,
"PM Oli: New #CovidVaccine should be called #NepaliVaccine not #RussianVaccine 
We will raise the issue in UN?

#CoronavirusVaccine",vaccination,vaccination,vaccination,vaccination
The CDC is leaving it up to local officials to set mask-wearing guidelines as the highly contagious delta variant spreads in areas with low vaccination rates.  https://t.co/WZy2M4ThaG,vaccination,vaccination,masking and distancing,"masking and distancing,vaccination"
"üòÇü§£ schools will reopen for in person instruction, even if schools can‚Äôt meet CDC guidelines for public health and safety",lockdown,lockdown,masking and distancing,lockdown
https://t.co/iYx1mBoY0N thank the volunteers #coronavirus #CovidVaccine #Coronaindia,vaccination,vaccination,vaccination,vaccination
"""We‚Äôre not going to have enough #COVID19 vaccines for everyone at the same time. There need to be clear and open di‚Ä¶ https://t.co/dyYOOb1adl",vaccination,vaccination,vaccination,vaccination
"RCA trials is seeking adult participants, ages 55 and older, to take part in our #Covid-19 vaccine clinical study.‚Ä¶ https://t.co/Q8xmAVnZMj",vaccination,vaccination,vaccination,vaccination
"Check out HealthSense Nano-Cure FS 550 Medical #FacialSteamer Inhaler Vaporizer for Face, Nose, Cold, Cough &amp; Sinus‚Ä¶ https://t.co/fnEpAuaSCL",masking and distancing,vaccination,,
"COVID-19 Vaccine From Russia Makes a New Hope
https://t.co/DfoL3v1V37

#RussianVaccine #CovidVaccine #COVID„Éº19‚Ä¶ https://t.co/xolh33F4EI",vaccination,vaccination,vaccination,vaccination
"""Perhaps a vaccine will need to be repeated every year, or within two or three years. It seems clear though that we‚Ä¶ https://t.co/7foyKT0ZEF",vaccination,vaccination,vaccination,vaccination
Did they break the CDC guidelines??? They were all vaccinated on a private chartered jet.,vaccination,masking and distancing,vaccination,vaccination
The CDC says you should not get tested if you are fully vaccinated and don‚Äôt have symptoms. Could have been the dead virus. I wonder why your providers advised you to go against CDC testing guidelines?,vaccination,vaccination,vaccination,vaccination
"Well done Russia .
#vaccine  #vaccines  #CoronavirusVaccine  #Corona  #COVID19  #CoronavirusVaccine  #CovidVaccine‚Ä¶ https://t.co/j3J4LF6izA",vaccination,vaccination,,
"Good to see GB high on this list, but some worrying neighbours #CovidVaccine https://t.co/66ZPK9nLP0",vaccination,masking and distancing,,vaccination
"We need to fight against, as Bobby Kennedy Jr. says ""Bill Gates‚Äô ‚Äúbio-security agenda, the rise of the authoritaria‚Ä¶ https://t.co/rcA5N5ogWq",,lockdown,,
"""Forcing the vaccinated and those who already contracted COVID-19 to wear masks indoors is not backed by science and contradicts the U.S. Centers for Disease Control and Prevention (CDC) guidelines,"" Villanueva said in a statement","masking and distancing,vaccination",masking and distancing,"masking and distancing,vaccination",vaccination
"I did this üò≠üò≠üò≠

Sorry Putin üò≠ #CovidVaccine https://t.co/whUiNSFWx6",vaccination,vaccination,vaccination,
#AstraZeneca shares turn negative after Brazilian health authority says volunteer in #CovidVaccine  study dies https://t.co/R1UAsAqW59,vaccination,vaccination,vaccination,vaccination
The New York Times is reporting that a study volunteer in the U.K. developed transverse myelitis. #COVIDVaccine‚Ä¶ https://t.co/Clbuzx81fu,vaccination,vaccination,,vaccination
It makes me mad as hell it is the people who didn‚Äôt get vaccinated and were supposed to continue to follow the CDC guidelines who didn‚Äôt give a rat‚Äôs ass about it and have caused this recent surge in new cases. Honor system?,"vaccination,lockdown",masking and distancing,vaccination,vaccination
Today‚Äôs meeting FDA Center for Biologics Evaluation and Research meeting with top medical/scientific research exper‚Ä¶ https://t.co/4cYEKSjOas,masking and distancing,vaccination,,
"Russia found #CovidVaccine 
meanwhile..everyoneüëá üòú https://t.co/HOmV9zSaZV",vaccination,vaccination,vaccination,vaccination
"Thank you Vlamadir Putin for the vaccine.üòâü§≠
#CovidVaccine #justforgag https://t.co/Hr2aGDefHW",vaccination,vaccination,vaccination,vaccination
"#CovidVaccine manufacture must provide good jobs and medicine security, says #Covid_19  | IndustriAL‚Ä¶ https://t.co/Rrmku0mI4W",vaccination,vaccination,vaccination,vaccination
In as far as a #CovidVaccine is concerned the majority of Americans are not going to touch one emanatin‚Ä¶ https://t.co/5XJGLTg7ns,vaccination,vaccination,vaccination,vaccination
NO TO #COVIDVACCINE hyped up #plandemic scam by global elites #BillGatesBioterrorist‚Ä¶ https://t.co/SyQx1XiCBR,vaccination,vaccination,vaccination,vaccination
"1/ This is exactly my question. I know a lot of us are ""hoping""-but is there ANY basis for it? I just CONTINUE to see things getting worse &amp; worse. The expanded CDC Guidelines due late 2022 are only going to further the agenda. Not sure if there is ANY way back once those pass...",lockdown,masking and distancing,,
"Two passengers on the Celebrity Millennium cruise ship tested positive for COVID-19. The ship had ‚Äúfully vaccinated crew and guests‚Äù and followed CDC guidelines, according to Royal Caribbean Group.  https://t.co/lpQnhv0j4M  https://t.co/wHVGIcqK5l",masking and distancing,vaccination,vaccination,vaccination
"Is it good?

It‚Äôs tested on 76 volunteers; phase 3 trials not done. A ‚Äògood‚Äô vaccine is tested on 20,000-30,000 vol‚Ä¶ https://t.co/fFqMYTemqS",vaccination,vaccination,vaccination,vaccination
"After longtime Finley a good news 
https://t.co/Qj2M4Vh9VU

#FoxNews 
#CovidVaccine 
#COVID„Éº19 
#COVID 
#CovidHoax‚Ä¶ https://t.co/2nIFqby9Eg",vaccination,vaccination,vaccination,
"CDC guidelines haven‚Äôt changed, even with delta variant they have not recommended that vaccinated people wear a mask. If you‚Äôre vaccinated you do not need to wear a mask. If you get sick and are not vaccinated, at this point, in LA, that‚Äôs on you alone.",masking and distancing,masking and distancing,"masking and distancing,vaccination",masking and distancing
Why I would take a #vaccine rushed and bullied to be ready a day or 2 before an election? #GeraldFord already tried‚Ä¶ https://t.co/WZAUQnbaWQ,vaccination,vaccination,vaccination,vaccination
Common Sense. We have to be careful with Covid-19 variances. #CDC Guidelines and #Vaccination continuation are our first defense at this point.   We should stay away from cynicism and rely on scientific data rather than gossip and myth.#US,vaccination,vaccination,vaccination,vaccination
put States &amp; businesses in compromised position deciding if they should enforce mask guidelines that appear opposite of   We expected so much more from a public health official. Millions of American cancer patients depending on ‚Äúhonesty policy‚Äù üò∑,masking and distancing,masking and distancing,masking and distancing,masking and distancing
CDC Issues New School Mask Guidelines  https://t.co/aFROkC6FVb,masking and distancing,masking and distancing,masking and distancing,masking and distancing
The #Trump administration considers the strategy of  #HerdImmunity &amp; also fast-tracking a #CovidVaccine - Dr.‚Ä¶ https://t.co/pF0pH0EruJ,vaccination,vaccination,vaccination,vaccination
"#CoronaVirusUpdates :

#WorldBank announces $12bn plan for poor countries to buy #CovidVaccine 

#Kerala reports si‚Ä¶ https://t.co/jqlWwHp91U",vaccination,vaccination,vaccination,vaccination
"I had a quick breakfast of an egg and ham croissant, grabbed a coffee, and carefully boarded the popular California Zephyr through the increasingly heavy snowfall, loaded with as many passengers as the CDC guidelines would allow.",masking and distancing,masking and distancing,"masking and distancing,lockdown",
"Here is my latest video about 8 things you should know about #COVID„Éº19 #vaccines by #WHO

https://t.co/VXrdoHBmNK
üëÜ‚Ä¶ https://t.co/r761nqAor9",vaccination,vaccination,vaccination,vaccination
"Not really, I graduated from highschool last month and follow guidelines of the CDC. Do you work for the CDC?",,masking and distancing,,
CDC guidelines: Vaccinated students can go maskless - The Washington Post  So they changed they minds.  AGAIN  https://t.co/noSLgS8Ywf,"masking and distancing,vaccination",masking and distancing,"masking and distancing,vaccination","masking and distancing,vaccination"
"I'm tired of studying online T^T
hurry up and go covid 19üòì
#CovidVaccine",lockdown,lockdown,vaccination,lockdown
"I don‚Äôt recall seeing this kind of analysis or explanation from the CDC or other groups when they issue new guidelines for schools. It‚Äôs always just ‚ÄúCases going up, better do X‚Äù.",lockdown,masking and distancing,,
The #disgraceful media repeated undermined a #covidvaccine by labeling it Political if approved prior to #election‚Ä¶ https://t.co/tMcjjerZGX,vaccination,vaccination,vaccination,vaccination
"Exqueeze me?  Anyone who got the Trudeau Special got shafted. The USA will not welcome Canadians. The CDC and WHO guidelines does not endorse AZ/mNRA. NACI went rogue on this decision.NACI told Canadians ""take the first shot available"" ""Travel won't be a problem"" IT IS A PROBLEM",vaccination,lockdown,,lockdown
No they are not in violation.  Take some time to educate yourself.  Its called a Private Conveyance and is exempt from CDC guidelines.,lockdown,masking and distancing,"masking and distancing,lockdown",
ETHealthworld | Vaccine storage demands could leave 3B people in virus cold #CovidVaccine #UNICEF #Coronavirus‚Ä¶ https://t.co/Ipg1ppbLK3,vaccination,vaccination,vaccination,vaccination
"#covidvaccine stocks gaining traction again as we run into 1st phase III trial read-outs. 

$NVAX $BNTX $MRNA $VXRT $INO $CVAC $ABUS",vaccination,vaccination,vaccination,vaccination
"World's first Corona vaccine was announced by Russian President #VladmirPuti, and it's given to one of his daughter‚Ä¶ https://t.co/UE94IIMV0R",vaccination,vaccination,vaccination,vaccination
The #CDC tells state public health officials to prepare to distribute a potential #Covidvaccine as soon as late Oct‚Ä¶ https://t.co/ijDDPjIrBO,vaccination,vaccination,vaccination,vaccination
"What a way to wake up 
#WHO says no #COVIDvaccine until mid 2021 
White House predicts 410K dead in US by January 2021",vaccination,lockdown,vaccination,vaccination
Pharma supply chains start planning for Covid-19 vaccine surge https://t.co/wm2QwnV6Ml #supplychain #logistics‚Ä¶ https://t.co/mB0dBzkwlB,vaccination,vaccination,vaccination,vaccination
Week 3 Covid swab done and posted ‚úÖ .. i wonder if i‚Äôll eventually be able to do them without gagging terribly ü§∑‚Äç‚ôÄÔ∏è‚Ä¶ https://t.co/XeEGAQHXJy,vaccination,vaccination,,
"Covid-19 vaccine Sputnik V yet to complete advanced trials review WHO, however Russia started production‚Ä¶ https://t.co/kmADwT4GKj",vaccination,vaccination,vaccination,vaccination
"world's 15 manufacturers of
#CovidVaccine talking to PHü§™
#PHbukoNews üå¥
1 #2020SeptPHüå¥m6 w1 D171
-Indonesia mfg 250M‚Ä¶ https://t.co/bP7fCLJvsM",vaccination,vaccination,vaccination,vaccination
"That's totally your decision, but you can't really blame the state for aligning with the CDC. The state even waited one month to implement the CDC guidelines. At this point, there's only so much you can do when people don't listen. They can't force people to get vaccinated.","vaccination,lockdown",vaccination,vaccination,vaccination
"Vaccine caused spinal damage. 

Vaccines ARE the answer but they MUST be safe. 

#Covid19UK #coronavirusuk‚Ä¶ https://t.co/HvvhHlrJeJ",vaccination,vaccination,vaccination,vaccination
"I think it is more likely that Trump is Hitler, than Don Lemon is from Earth. üëΩ#donlemon #donlemonisanalien‚Ä¶ https://t.co/awSW4tm9wA",vaccination,lockdown,,
Prime Minister  is fast becoming a true expert in talking out of both sides of his mouth when it c‚Ä¶ https://t.co/UGIGw5k6LS,vaccination,masking and distancing,,
"In a time when each and every nations across the world are in the race to find out the vaccine for Covid-19, this i‚Ä¶ https://t.co/DpYIDAW8gQ",vaccination,vaccination,vaccination,vaccination
Me! Still getting used to the new CDC guidelines. I walked into a microbrewery in Staten Island a couple of days ago to get a sixer to go and I was the only one wearing a mask.,masking and distancing,masking and distancing,masking and distancing,masking and distancing
And instead of scaring J&amp;J users w/ hints of lower efficiency data (and frustrating them when they're turned away b/c of CDC guidelines across the country) do something that actually HELPS us. Efficiency as low as 40%. What? Where? When? Which study?,,lockdown,,vaccination
"Why #antibodies may not be the key to beating #coronavirus 
https://t.co/WpkpxL4LQ8
#COVID19 #covid #CovidVaccine‚Ä¶ https://t.co/iOm8WkwvwT",vaccination,vaccination,,vaccination
Apparently #China may have a #covidvaccine in November...we'll see.,vaccination,vaccination,vaccination,vaccination
Antibody therapies could be a bridge to a #coronavirus vaccine ‚Äî but will the world benefit?‚Ä¶ https://t.co/ILnewcSfes,vaccination,vaccination,vaccination,"masking and distancing,vaccination"
"Vaccinated teachers and students don't need to wear masks inside school buildings, the CDC said Friday. Read the new guidelines here.  https://t.co/4XBRP5CbyF",masking and distancing,masking and distancing,"masking and distancing,vaccination",masking and distancing
What I find most surprising/upsetting/frustrating is that after a year of following CDC guidelines like dedicated disciples NOW people wanna go against them .. why? How does anyone make huge a dramatic shift from ‚Äúfollowing science‚Äù to ‚Äúdo this cus I say so‚Äù,lockdown,masking and distancing,,
#1 they were warned by a very experienced group of pain researchers and specialists (IPRCC) #2 They admittedly didn‚Äôt have evidence to back up the cdc guidelines.  #3 They totally ignored COIs.  #4 They were influenced by recovery non-profits to rush the guidelines through.,,masking and distancing,,
You‚Äôre mistaken. The confusion you‚Äôre having is that the CDC have set guidelines for sending samples for whole genome sequencing. This has no bearing on test results.,vaccination,vaccination,,
Totally agree with on Russia going for broke with the #CovidVaccine announcement. It is downright stupid &amp; u‚Ä¶ https://t.co/ohig4rawYH,vaccination,vaccination,vaccination,vaccination
"Breaking 
Putin announced that Russia approved a COVID-19 vaccine ‚Äî and gave it to his daughter 
#COVID19‚Ä¶ https://t.co/rYyb7tKEE5",vaccination,vaccination,vaccination,vaccination
Norwegian Cruise Line and Princess Cruise Line are denying passengers who received mixed doses of AstraZeneca and Moderna/Pfizer.  They base this on the CDC guidelines.  Which means you likely can't travel into the USA as they follow CDC guidelines as well.  WTH?!,lockdown,masking and distancing,vaccination,
"here's your chance to to be heard the CDC is changing opiate prescription guidelines  If you wish to provide a written public comment, you may do so by emailing ncipcbscon or before July 23, 2021.¬†¬†All written comments will be included as part of the CDC meeting minutes.",vaccination,vaccination,,
"Need I say more?..

#Covid19UK #CovidVaccine #BorisJohnson #SaturdayThoughts https://t.co/sGrA63WLeD",vaccination,lockdown,,vaccination
"2015 STUDY UNDERMINES THE UNSCIENTIFIC DATA OF CDC OPIOID PRESCRIPTION GUIDELINES, AND BOGUS TARGETTING OF DOCTORS, PHARMACISTS EXPOSING RACIAL BIAS IN PAIN ASSESSMENT AND TREATMENT RECOMMENDATIONS,    https://t.co/iIKz7nnyTv",,vaccination,,
"Hello, we continue to follow CDC guidelines which state to stay six feet apart. ^You can check at  https://t.co/EyOa8lGFu7 for COVID-19updates.  ^TBJ",masking and distancing,masking and distancing,,masking and distancing
What to know about CDC guidelines on vaccinated travel  https://t.co/im0Rj5AaPK,"masking and distancing,vaccination",vaccination,vaccination,vaccination
Russian covid vaccine works best when taken with vodka.#CovidVaccine,vaccination,vaccination,vaccination,vaccination
"Good News! Russia finally developed the first Covid-19 vaccine

https://t.co/ObdwQ2DbvS

#GoodNews #RussianVaccine‚Ä¶ https://t.co/KR2CS0ojHZ",vaccination,vaccination,vaccination,vaccination
no i don‚Äôt. We know for a fact that those democrats have gotten the vaccine while republicans refuse to because of conspiracy theories. CDC guidelines have changed,vaccination,vaccination,vaccination,vaccination
"The CDC does have different guidelines for mask use in school, they only recommend it for unvaccinated people.  This isn't the first time that the CDC and AAP have different recommendations with regards to COVID.",masking and distancing,masking and distancing,"masking and distancing,vaccination",masking and distancing
Unprecedented virtual #UNGA in times of #COVID19.   See attached what #GlobalGoals High-level Meetings to expect in‚Ä¶ https://t.co/Vcw0bpd7Eh,"masking and distancing,vaccination",lockdown,,"masking and distancing,lockdown"
"They think the CDC guidelines are a chance to push that liberal science stuff on them, also that it‚Äôs wrong with no proof that it is. The Asian countries were wearing masks before us. If anything, be mad at the CDC about that. They do this on climate change as well.",masking and distancing,masking and distancing,masking and distancing,masking and distancing
"Fact: CDC put out no care guidelines other than vaccs. Fact: the death rate is almost nonexistent in &lt;40. Fact: there have been vaccine complications for some. Fact: forcing medical treatment is very 1940s Germany.  Fact: no care + ""wait for the vacc"" = Pfizer 1Q profit +3.2B  ü§∑‚Äç‚ôÇÔ∏è",vaccination,vaccination,vaccination,vaccination
"This statement flies in the face of the CDC guidelines. If I gave a bleep about you, I would report you to Twitter and notify the Whitehouse for fake news killing people.",masking and distancing,lockdown,,
"I will not receive any #COVIDVaccine until #DrFauci does üòâ #TrumpVirusDeathToll193K
#Biden2020 #VoteBlue",vaccination,vaccination,vaccination,vaccination
"#COVID19 #CovidVaccine #Russia
When the covid vaccine is successfully made in Russia
Le Putin to Carryminati: https://t.co/8b9oi440H6",vaccination,vaccination,vaccination,vaccination
"It‚Äôs funny #KillerCuomo wantsa committee over #CovidVaccine he doesn‚Äôt trust the FDA  or Federal Government, but be‚Ä¶ https://t.co/H84sACKrig",vaccination,vaccination,vaccination,vaccination
There is no reason LA County should not remain aligned with the state in its policies. This change is unnecessary and contradicts current CDC guidelines.,lockdown,masking and distancing,,
We begged to open schools with recommended mitigation bc we knew our children‚Äôs health was declining ! we knew this would have a huge impact on them for their entire lifetime.    You ignored guidelines July 2020    https://t.co/jwTB8DHksX,lockdown,masking and distancing,lockdown,lockdown
"Russia‚Äôs First batch of Coronavirus Vaccine is ready
#Russia has #announced its #victory with the #vaccine for‚Ä¶ https://t.co/lDlFnyAEtV",vaccination,vaccination,vaccination,vaccination
Randi Weingarten wrote CDC guidelines to keep schools closed. She isn't a doctor.   She's the last person to be speaking for the Teacher's Union.,lockdown,lockdown,lockdown,
"I got mine today, as well. Keeping America safer, one bicep at a time. #FluShot #CovidVaccine",vaccination,vaccination,,vaccination
"#Trials Of #OxfordVaccine ""Paused"" After Unexpected Illness In Volunteer

Read the entire #article here -‚Ä¶ https://t.co/x1mSkpy2to",vaccination,vaccination,vaccination,vaccination
A good read about India's crucial role in saving the world from this pandemic and lot more about ..how inevitable a‚Ä¶ https://t.co/pBD0eu2WgS,vaccination,vaccination,,
The #AstraZeneca trial is back on in the UK - but what does that mean for the #covidvaccine in other countries? Fin‚Ä¶ https://t.co/lpwdXzcUu9,vaccination,vaccination,vaccination,vaccination
Please Humans.  DO NOT drink the Trump Kool Aid.  Wait until a vaccine has been fully tested and vetted by qualifie‚Ä¶ https://t.co/qyuA4MdVbT,vaccination,vaccination,vaccination,vaccination
"I'm glad to see that despite all the pressure, AZ is proceeding with an abundance of caution. Demonstrated safety w‚Ä¶ https://t.co/Vs0uuxOvrG",lockdown,lockdown,,
"Translation:

‚ÄúI‚Äôll waste a lot of time. 

I‚Äôll start by calling ‚Äúgoalpost moving‚Äù 
Dr. Fauci, 

Refuse t‚Ä¶ https://t.co/UGSDEVMFQy",lockdown,lockdown,,
"(üì¢) UNITED STATES: NEW DAILY COVID-19 CASES  7/4: 12,575 7/5: 12,163 7/6: 15,325 7/7: 19,714 7/8: 24,473 7/9: 26,860*  *An hour of counting left.  The Delta variant isn't screwing around. If you haven't done so already, get vaccinated. Follow CDC guidelines for conduct indoors.",masking and distancing,vaccination,vaccination,vaccination
If they do care it's too late. I am really disappointed in the CDC's new mask guidelines. How could it be so unaware of the consequences? It's frightening to me the percentage of unmasked people indoors.   https://t.co/iT6XgCP2WQ,masking and distancing,masking and distancing,masking and distancing,masking and distancing
Pfizer #CovidVaccine may be ready by end of October if every goes well and no glitches.  https://t.co/xHxWey2nAR,vaccination,vaccination,vaccination,vaccination
All who failed to bring a clarity on #CovidVaccine are now questioning for making it clear that the Vacc‚Ä¶ https://t.co/9lZLKaEKLH,vaccination,vaccination,vaccination,vaccination
"‚ÄòFederal judge strikes down CDC's 'authoritarian' COVID-19 #CruiseShip rules, comparing it to a nationwide ban on sex because STDs exist‚Äô  ‚ÄúJudge Steven D. #Merryday's ruling means the CDC'S conditional sailing orders will become ‚Äònon-binding‚Äô guidelines‚Äù   https://t.co/EaDIrmlIgT",vaccination,masking and distancing,,
"No guarantee any Covid vaccine in development will work: says WHO 
#COVID19
#CovidVaccine‚Ä¶ https://t.co/hClw1dADkg",vaccination,vaccination,vaccination,vaccination
"You can watch Together Unlocked! live from 3pm¬†with live captions streamed beneath, or watch on YouTube¬†to join in‚Ä¶ https://t.co/PRxXx8HSYI",,lockdown,lockdown,
"New #plague #treatment guidelines (thread)! The have published updated guidance since the last guidelines in 2000. After conducting a systematic review, they have recommended a number of updates, including:   https://t.co/SR9UxtgFQb",vaccination,masking and distancing,,
"Local medical centers in the Bay Area, SF are recruiting to test if #vaccine works.  Would you want to sign up as‚Ä¶ https://t.co/bTuLHcgdLb",vaccination,vaccination,vaccination,vaccination
"They say there will be a #CovidVaccine by Election Day. Oh, hell no! That‚Äôs way too fast. Too obvious that tRump is‚Ä¶ https://t.co/zZ3cypQRZb",vaccination,vaccination,vaccination,vaccination
"Maybe if he had to dig the graves himself, he might start to care. 

Who are we kidding? All he‚Äôd care about would‚Ä¶ https://t.co/3lW0OE5CO0",lockdown,lockdown,,
"The CDC put educators all over the country in a bad spot. How much classroom time will be spent figuring out which kids need to be masked? And of course in AZ, there's nothing schools can do to enforce CDC guidelines at all.","masking and distancing,lockdown",masking and distancing,"masking and distancing,lockdown",masking and distancing
Really? Has the Indian government planned for cost of inoculating 1.4 Billion Indians? Why does the PM mislead?‚Ä¶ https://t.co/MMU5asudSs,lockdown,vaccination,,
"So he gets all upset about Bleach being referenced to as a disinfectant, even though it is a common disinfectant and part of the CDC Guidelines, yet wants to believe that trump meant chlorine dioxide, which was not even discussed.",,masking and distancing,,
"BREAKING
Russia released the world's first #CovidVaccine.
President #ValdimiraPutin says, Russian Ministry of Healt‚Ä¶ https://t.co/At4sTzQHYX",vaccination,vaccination,vaccination,vaccination
Senator.  What do CDC guidelines say about a group of people who have been vaccinated sitting without social distancing and masks?  Oh I'm sorry.  You haven't finished reading the constitution yet?  I'll wait and then you can tell us which of your colleagues should resign.,"masking and distancing,vaccination",vaccination,"masking and distancing,vaccination","masking and distancing,vaccination"
#ScottyFromMarketing boasting about #NoJabNoPlay today while announcing a non existant deal with #AstraZeneca for a‚Ä¶ https://t.co/BfYccozbQq,vaccination,vaccination,,
"Great news for ‚Å¶and #globalhealth , but we will need to also focus on HOW we will deliver this #CovidVaccine!!‚Ä¶ https://t.co/CURY2K7xnj",vaccination,vaccination,,vaccination
An Oxford COVID-19 vaccine is slated for early 2021 and a UQ version is on track for midyear. Australian government‚Ä¶ https://t.co/IZIv49kpgs,vaccination,vaccination,vaccination,vaccination
"""Breaking news, due to Covid19 this year Jihadi won't get 72 virgins in Jannat...#SocialDistancing 
Instead, they w‚Ä¶ https://t.co/PRwiOjb68W","masking and distancing,lockdown",masking and distancing,,masking and distancing
"EpochTimes„Åï„Çì„Åã„ÇâRT:„ÄÄ‚ÄúForcing the vaccinated‚Ä¶to wear masks indoors is not backed by science and contradicts the [CDC] guidelines,‚Äù Villa‚Ä¶  https://t.co/dLoyhI24ff„ÄÄ„ÄÄ07Êúà19Êó•5ÊôÇ07ÂàÜÂè∞„ÅÆ„Éã„É•„Éº„Çπ„Åß„Åó„Åü",masking and distancing,masking and distancing,"masking and distancing,vaccination","masking and distancing,vaccination"
"CDC guidelines have changed, but personal space remains the same üò∑‚úãüèæ...  Watch the video for my latest single 'Outta My Face' directed by -  https://t.co/F8cRbdDWGt  https://t.co/5v9Nuysbgr",,masking and distancing,"masking and distancing,lockdown",
World Conference | Tip #1 from Walmart on going back to in-person meetings - have someone focused on emerging and evolving CDC guidelines + still provide virtual options,lockdown,masking and distancing,,"masking and distancing,lockdown"
"Look presidential is not enough. We need #jobs , #LawAndOrder , #SchoolChoice , #CovidVaccine by the‚Ä¶ https://t.co/iVJB9X5GaA","vaccination,lockdown",vaccination,vaccination,vaccination
"Our candy-assed supermajority tied business openings to CDC guidelines, so If CDC says masks are recommended and Gov Dickhead issues a emergency mandate, businesses must comply if they want to remain open.",masking and distancing,masking and distancing,masking and distancing,
"‚ÄúA THREAT TO HUMANITY,‚Äù WHY CDC UNSCIENTIFIC OPIOID PRESCRIBING GUIDELINES CANNOT BE REFORMED, WHY THEY MUST BE REPUDIATED ABANDONED ‚Äì youarewithinthenorms  https://t.co/ShH8Kc9ja5",vaccination,vaccination,,
"won't take #CovidVaccine; has little faith in humanity. We've no faith in him, knowing he'll always &amp; onl‚Ä¶ https://t.co/2RXgkgIQFp",vaccination,vaccination,vaccination,vaccination
Same with a beloved friend who I am caring for. We were vaccinated and conservatively following CDC guidelines - like wearing masks outside when around people! Somehow my friend got it and I will probably have it soon.,"masking and distancing,vaccination",masking and distancing,"masking and distancing,vaccination","masking and distancing,vaccination"
#Russia approves second COVID-19 vaccine #EpiVacCorona after #SputnikV; Here is all you need ti know about the new‚Ä¶ https://t.co/Q0UegcdACQ,vaccination,vaccination,vaccination,vaccination
While there is no indication that #Trump‚Äôs desperation for a vaccine has affected the science or safety of the proc‚Ä¶ https://t.co/mqqTHs0ka2,vaccination,vaccination,vaccination,vaccination
"Corona virus has reached the *dekhi jaegi* stage in India now
#coronavirus 
#IndiaFightsCorona 
#CovidVaccine 
#COVID19",vaccination,lockdown,vaccination,vaccination
Is this the beginning of the End? #CovidVaccine #RussianVaccine #coronavirus https://t.co/jPqWUJ20t6,vaccination,vaccination,vaccination,vaccination
"PS. if you need data to support unmasking children, please ask. CDC guidelines are not laws. Unions do not raise my child. And masks are not harmless. Do better. Use FOIA to get information. very disappointed in this year.",masking and distancing,masking and distancing,masking and distancing,masking and distancing
STUDIES SHOW MORPHINE MILLIGRAM EQUIVALENT (MME) USED IN CDC 2016 OPIOID GUIDELINES ARE BOTH BOGUS AND UNSCIENTIFIC: THEY MUST BE REPUDIATED AND WITHDRAWN  1.  https://t.co/EmEj17ze19,vaccination,vaccination,,
Why do you trust Biden telling everyone to get vaccinated &amp; new CDC guidelines tell everyone it's ok to stop masking/social distancing if one has recieved all vaccination requirements. But Biden says these thing but hangs on to old CDC requirements. What is that asking to you?,vaccination,vaccination,vaccination,vaccination
"#ColdStorage infrastructure is essential for manufacturing &amp; distributing #CovidVaccine, once available. Policies n‚Ä¶ https://t.co/AmEsLTHX61",vaccination,vaccination,vaccination,vaccination
State and local health departments follow CDC guidelines. This trickles down. Now each school district &amp; business has to be responsible for making public health decisions. Our school district dropped the mask mandate for summer school &amp; fall.  13% vax rate for under 18 yo,masking and distancing,masking and distancing,masking and distancing,
"Maybe learn to understand the situation... the yankees were the first organization to reach vaccination threshold meanwhile the red sox haven't, to demand an organization that did everything they were supposed to be by mlb and cdc guidelines to ""clean it up""",vaccination,vaccination,vaccination,vaccination
Important work by the as reported by in about how to gain trust in a‚Ä¶ https://t.co/HWkDAbb9fJ,vaccination,lockdown,,
"#Mindsüí°#Freedom of Choice 
Logical Thinking #coronavirus
#Covid19üòΩ #TaxMoneyüí∂üí∑üíµüí∞ü©∏#BigPharma üíâ#AstraZeneca #politics‚Ä¶ https://t.co/F6PkAaUivi",vaccination,vaccination,,vaccination
"If you have a spare 5 minutes, sign up to the NHS Covid-19 Vaccine Research Registry, I did! #BePartofResearch‚Ä¶ https://t.co/jDxLt0igeU",vaccination,vaccination,vaccination,vaccination
"Drug Screening Laboratory Services Market to Garner $7.05 Bn, Globally, by 2027 at 9.4% CAGR.
#covid19impact analys‚Ä¶ https://t.co/NhCLK603n1",vaccination,vaccination,,vaccination
What if BJP will do #CovidVaccine is not invented till next 5 years. World will laugh by this kind of absolute nons‚Ä¶ https://t.co/4MiUSIq8ub,vaccination,vaccination,vaccination,vaccination
23-Year-Old Man Becomes One Of First To Test Coronavirus Vaccine After Losing 7 Family Members‚Ä¶ https://t.co/H4x30gz4HO,vaccination,vaccination,vaccination,vaccination
California to require masks in schools despite CDC guidelines - Los Angeles Times  https://t.co/2ZHrr4JQr1  Please visit         https://t.co/lCneeLfoKU,masking and distancing,masking and distancing,masking and distancing,masking and distancing
"Incorrect. Our current vaccination rate is higher than other hospitals in our market, and we will continue to advance that rate to protect our employees &amp; patients. We strictly follow cdc guidelines that reduce the risk of infection, even when others hospitals relaxed measures.",vaccination,vaccination,vaccination,vaccination
Why are you ignoring CDC guidelines? I thought you believed the science?ü§î,masking and distancing,"masking and distancing,lockdown",,
According to the CDC and local COVID-19 guidelines you can now spend all your money on concert tickets again,lockdown,lockdown,,
"Our first choice can be some rogue #ShivSena politicians of #Maharashtra . Lol.
#CovidVaccine https://t.co/ArleuOltpD",vaccination,vaccination,,
"Venmo responds to privacy vulnerability, consumers want companies to address social justice issues, and Twitter users roast CDC guidelines  https://t.co/cVOFaaUZTU  https://t.co/X61DWqhTEx",,"masking and distancing,lockdown",,
"Proponents of Challenge Trials argue that they would allow for the vaccine to be available sooner. In this clip, Dr‚Ä¶ https://t.co/cO7HNypsw2",vaccination,vaccination,vaccination,vaccination
CDC Guidelines SAYS IF you're vaccinated then you don't need to wear a mask. #RecallGavinNewsom YOU just LOST MY VOTE!  GO  ,"masking and distancing,vaccination",masking and distancing,masking and distancing,"masking and distancing,vaccination"
"Finally a good news from #Russia
#Russia announced world first #COVID19vaccine; Putin's daughter get vaccinated. Mo‚Ä¶ https://t.co/0h2szk5HUN",vaccination,vaccination,,vaccination
"#Russia to supply 100 mn doses of #Sputnik #COVIDvaccine to India‚Äôs #DrReddy, inks pact
https://t.co/hw1VOI3vBb ",vaccination,vaccination,vaccination,vaccination
"The #coronavirus vaccine might be ready by the first quarter of 2021, Health &amp; Family Welfare Minister‚Ä¶ https://t.co/VayOYYte61",vaccination,vaccination,vaccination,
The CDC guidelines fail to understand that people will just lie,masking and distancing,"masking and distancing,lockdown",,
and the people of her district should know they have no freedom to infect those adhering to CDC guidelines...that could make travel an interesting future concept,lockdown,lockdown,lockdown,"masking and distancing,lockdown"
"Are you maybe confusing it with the CDC guidelines, where people misrepresented positive tests vs. requirements for sequencing?   https://t.co/N6GIAiAHtn",vaccination,masking and distancing,,
"Oxford COVID-19 vaccine trials not paused in India, clarifies Serum Institute #CovidVaccine #India #HumanTrial‚Ä¶ https://t.co/JZebWzKvVQ",vaccination,vaccination,vaccination,vaccination
"FDA Posts Briefing Docs For 'Vaccines And Related Biological Products Advisory Committee Meeting' On Thursday, Oct.‚Ä¶ https://t.co/rzzQtQamEF",vaccination,vaccination,,vaccination
"Russia launches #CovidVaccine today. Now, china will also release its premade vaccine to compete the market.‚Ä¶ https://t.co/uKkMqTaH7T",vaccination,vaccination,vaccination,vaccination
"So, you say the dems should follow CDC guidelines on masking (not required for vaccinated people), yet you‚Äôre criticizing this when the people involved were most likely vaccinated?",masking and distancing,masking and distancing,"masking and distancing,vaccination","masking and distancing,vaccination"
"Russia announces world's first #COVID19 vaccine, President Vladimir Putin's daughter gets vaccinated.

#TV9News‚Ä¶ https://t.co/qN7rZ5hlrr",vaccination,vaccination,vaccination,vaccination
And as variants mutate the number becomes even further from zero  Current CDC guidelines as Delta spreads and becomes dominant in the next month is a catastrophe we get to just watch unfold,masking and distancing,"masking and distancing,lockdown",,
"No it‚Äôs not inconsistent but then again no one is spectacular you to really know what the CDC guidelines say.  Especially in countries where vaccination rates are extremely low.   I a, pretty sure the vaccinated healthcare workers in Springfield MO are wearing masks in their ICUs","masking and distancing,vaccination",vaccination,"masking and distancing,vaccination",vaccination
The CDC is leaving it up to local officials to set mask-wearing guidelines as the highly contagious delta variant spreads in areas with low vaccination rates.  https://t.co/WNJHGzYtg6,masking and distancing,masking and distancing,"masking and distancing,vaccination","masking and distancing,vaccination"
"It's TOTALLY INSANE! 

#CovidVaccine #COVID19Vic

https://t.co/36Bb2DQv3B",vaccination,vaccination,vaccination,vaccination
The changed its testing guidelines---decided to NOT test mild breakthrough Covid cases---to the consternation of epidemiologists....   https://t.co/iZeJiumjoD,lockdown,vaccination,,
The CDC says vaccinated people don‚Äôt need masks. Suggesting they do is in conflict with their guidelines.,"masking and distancing,vaccination",masking and distancing,"masking and distancing,vaccination",masking and distancing
"Hoping that will come true üëáüèª
#CovidVaccine https://t.co/tRxkY4ljtX",vaccination,vaccination,,
CDC Updates Guidelines To Protect Kids From COVID In School. Plus: Vacation Tips  https://t.co/eV5iTImp0H,lockdown,masking and distancing,masking and distancing,vaccination
"We‚Äôll be following CDC guidelines for safe meetings regardless, though we agree with you - hope our friends in Georgia who are able will consider getting vaccinated.","masking and distancing,vaccination",vaccination,vaccination,vaccination
What Do the Relaxed CDC Mask Guidelines Mean for Washington Employers?  https://t.co/4Cs5P0Z1al,masking and distancing,masking and distancing,masking and distancing,masking and distancing
"‚Ä¶ immunization.‚Äù This is even worse. Now an unknown # of ppl r asymptomatic carriers/spreaders of covid, while being told (by the CDC) they no longer have 2mask or social distance. This is yet another example of t/CDC issuing public guidelines based on zero research. ‚Ä¶",masking and distancing,masking and distancing,masking and distancing,masking and distancing
How can you be sitting pretty when you are planning to put a #microchip that melts i‚Ä¶ https://t.co/eiCD2jTHma,vaccination,lockdown,,
I am sorry this is happening to you and so many others. I recently was told I had to be tapered again. Turns out it was a freelance NP. So I got a temporary reprieve. It's like playing Russian Roulette every month. I hope we can make a difference with CDC guidelines revision.,lockdown,masking and distancing,,
We have a range of USB and WiFi EasyLog data loggers that are designed to meet and exceed PHE and CDC guidelines - ideal for monitoring temperature and humidity levels of your pharmaceutical and medical goods. #remotemonitoring #temperaturemonitoring   https://t.co/L307G14aVY  https://t.co/CZnJWAFm7q,,vaccination,,
"Today is 15th August Independence day. One more announcement expected, where is the vaccine for covid. #CovidVaccine",vaccination,vaccination,vaccination,vaccination
"Literally how? SHOULD you have to think about the CDC guidelines about COVID? What the fuck are they even there for or paid to do, then?",vaccination,masking and distancing,,
"Egypt reaches deal with Russia over #Covidvaccine, amid Russian soft power push as concerns remain over the drugs c‚Ä¶ https://t.co/gkKcdnKqkx",vaccination,vaccination,vaccination,vaccination
all3 vaccine oxford aka astrazena&amp;bharat biotech is harmful vaccine.the children of trial/u‚Ä¶ https://t.co/svKkR0Jj3a,vaccination,vaccination,vaccination,vaccination
CDC guidelines: Vaccinated students can go maskless - The Washington Post  https://t.co/3Rqi3VtCo3,"masking and distancing,vaccination",masking and distancing,"masking and distancing,vaccination","masking and distancing,vaccination"
CDC Updates School Guidelines For Students Returning In The Fall #morningEdition   https://t.co/XmcUTA0gNN via ,lockdown,masking and distancing,,lockdown
"'How to make #COVIDVaccine at home' was the second most searched Google query last month! 

Bcoz so called modern w‚Ä¶ https://t.co/fYL329tOTV",vaccination,vaccination,vaccination,vaccination
Dozens of COVID-19 vaccines are in development. Here are the ones to follow. https://t.co/N3QVTPUFTZ via #CovidVaccine #covid,vaccination,vaccination,vaccination,vaccination
It's one thing developing a vaccine but distributing it is another challenge. Getting a vaccine to every single per‚Ä¶ https://t.co/JUSN3v0RNa,vaccination,vaccination,vaccination,vaccination
"Seven more individuals recovered from #COVID„Éº19 bringing the total recoveries in the country to 2849, the Health Pr‚Ä¶ https://t.co/uyL6iuWfmf",vaccination,,,
"Uh, that‚Äôs not clear. ‚ÄúThe Texas lawmakers may be in violation of federal masking guidelines. According to Private Jet Card Comparisons, CDC guidelines requiring mask-wearing also applies to on-demands private charter flights not operating for their owners.‚Äù",masking and distancing,masking and distancing,masking and distancing,masking and distancing
A vaccine for tuberculosis is being tested for effectiveness against COVID-19. Check it out üëâ‚Ä¶ https://t.co/x1eKCl9ZN0,vaccination,vaccination,vaccination,vaccination
What you are actually fussing about is the well being of someone receiving a shot under strict CDC guidelines. The chemicals in that shot has to maintain a certain temp. The outside contributing weather can increase the temp. and spoil the vaccine. Who wants that shot? You?,vaccination,masking and distancing,vaccination,vaccination
The CDC is leaving it up to local officials to set mask-wearing guidelines as the highly contagious delta variant spreads in areas with low vaccination rates.  https://t.co/E9hAlFfrsa,masking and distancing,masking and distancing,masking and distancing,"masking and distancing,vaccination"
"Russia becomes first country to approve a COVID-19 vaccine.

Meanwhile Oli 

#RussianVaccine #CoronavirusVaccine‚Ä¶ https://t.co/ujFdh3siZQ",vaccination,vaccination,vaccination,vaccination
COVID-19: How a new blood test could help speed up vaccine development and population screening‚Ä¶ https://t.co/DgNUx6yFx7,vaccination,vaccination,vaccination,vaccination
"So disappointed in the CDC for changing the guidelines on masks when the variants are on going. People will die in Missouri from stupidity with vaccine hesitancy, from Trumpism and because of the CDC guideline change on masks and socializing.",masking and distancing,masking and distancing,masking and distancing,masking and distancing
Just in:  LA Sheriff Villanueva will NOT enforce County Mask Mandate.  ‚ÄúForcing the vaccinated and those who already contracted COVID-19 to wear masks indoors is not backed by science and contradicts the U.S. Centers for Disease Control and Prevention (CDC) guidelines.‚Äù,masking and distancing,masking and distancing,vaccination,"vaccination,lockdown"
Really?! #Trump says CDC director was 'confused' when he said #COVIDvaccine won't roll out until mid-2021 https://t.co/bZGGbO1kWy,vaccination,vaccination,vaccination,vaccination
"A key change between that vote and today‚Äôs announcement by Cooper was new CDC guidelines. In general, Cooper has been pretty eager to follow what the CDC has recommended for Covid issues. But some think masks should still be mandatory, and Cooper did recommend schools do that  https://t.co/c5cJnbKal0",masking and distancing,masking and distancing,masking and distancing,masking and distancing
And now they call our hope for any #CovidVaccine delusional https://t.co/jbe8hZUJC5,vaccination,vaccination,vaccination,vaccination
How does CDC honestly issue new guidelines for COVID when they are ignoring Joe‚Äôs open border with ILLEGALS invited by Democrats to come with all their COVID infections diseases infecting Americans? When will CDC FAUCI JOE HARRIS be CANCELLED?üôèüíï,vaccination,masking and distancing,,
"I read ""The Handmaid's Tale"" and it is an awesome book. I couldn't put it down. Very timely for right n‚Ä¶ https://t.co/mJPFhmKcqy",vaccination,masking and distancing,,
"If the #Russian #CovidVaccine actually works, would #Biden authorize the purchase of doses to save American lives?",vaccination,vaccination,vaccination,
"After extensive research, scientists have come up with the COVID-19 vaccine. So this pandemic is about to end after‚Ä¶ https://t.co/LqAd7GZYoD",vaccination,vaccination,,vaccination
"Bill Gates calls India 'inspiring', makes big announcement about availability of COVID-19 vaccine‚Ä¶ https://t.co/Ff1PtnJFIq",vaccination,vaccination,,vaccination
"2- Webinar par sur la publication r√©cente de leurs guidelines sur le #covidlong  ""CDC's Guidance for #PostCOVID19 Conditions "" 17 juin 2021 07:00 PM (√âtats-Unis et Canada)  https://t.co/IVWWhI2BjS #apresJ20  https://t.co/VoUVrxpjhe",vaccination,masking and distancing,,
"As more older adults are currently receiving the COVID-19 vaccine, the U.S. Centers for Disease Control and Prevention (CDC) has released new guidelines for fully vaccinated individuals. #visitingangels #homecareassistance #covid19vaccine  https://t.co/U5wOTRWVYm",vaccination,vaccination,"masking and distancing,vaccination",vaccination
"Can #coronavirus Affect People More Than Once?
is a #Doctor and was under home isolation for three weeks af‚Ä¶ https://t.co/SSiUhDth1V",lockdown,lockdown,,lockdown
"We all want news about COVID treatments. This week Mike Sullivan, CEO of will be sharing the latest o‚Ä¶ https://t.co/SbshjOjknt",vaccination,vaccination,,
Congratulations Russia for being the first to develop a vaccine for #COVID„Éº19 and kudos to your President #Putin  f‚Ä¶ https://t.co/e69J6cHw7M,vaccination,vaccination,vaccination,vaccination
"Me &amp; my double vax'd friends are masking up again due to the Delta variant.   I suspect that if we can become infected (even w/ mild to no symptoms) w/ the covid-Delta variant, then we can likely spread it. I look forward to the CDC reviewing their guidelines.",masking and distancing,masking and distancing,,masking and distancing
Given all the anti-vaxxers this is completely unsurprising.   I always figured the CDC removed masking from their guidelines based on the naive belief that the vast majority people would get the vaccine. They underestimated the willful ignorance and selfishness of US citizens.,masking and distancing,masking and distancing,vaccination,"masking and distancing,vaccination"
Who‚Äôs First? #CovidVaccine  :) https://t.co/YFlLu3VQpR,vaccination,vaccination,vaccination,vaccination
De Blasio to keep masks in schools despite CDC guidelines  https://t.co/vkKJ8aGa8v via ,masking and distancing,masking and distancing,masking and distancing,masking and distancing
What We Know About the C.D.C.‚Äôs Covid-19 Vaccine Plans https://t.co/5hMwQbjC2A #vaccine #CovidVaccine #covid https://t.co/3Z7C7ANF5D,vaccination,vaccination,vaccination,vaccination
The #cdc came out with new guidelines. The amount of people vaccinated saying they are still wearing a #mask really shows they don‚Äôt believe in science and telling the unvaccinated that the shot doesn‚Äôt work. Nice job idiots,vaccination,masking and distancing,vaccination,"masking and distancing,vaccination"
"Vaccinated teachers and students don't need to wear masks inside school buildings, the CDC said Friday. Read the new guidelines here.  https://t.co/m5uUZtfgfr","masking and distancing,vaccination",masking and distancing,"masking and distancing,vaccination",masking and distancing
Thanks for reaching out. We‚Äôre continuing to follow CDC guidelines. Fully vaccinated associates and customers are no longer required to wear masks.,"masking and distancing,vaccination",masking and distancing,"masking and distancing,vaccination","masking and distancing,vaccination"
Please extend the CT eviction guidelines to mirror the CDC's guidelines.,vaccination,masking and distancing,,
"Yes, they were plenty unmasked during G7. Science, AFAIK, says immunized people do not need to follow mitigation protocols anymore. Even the most conservative institution CDC has the same guidelines.","masking and distancing,lockdown",masking and distancing,masking and distancing,masking and distancing
"Remember when all states totally 100% followed CDC guidelines exactly as stated throughout the entire pandemic? I get the CDC is an easy target, but if you're blaming them rather than Republicans in general and Republican governors specifically then that seems pretty useless.",lockdown,masking and distancing,,
"The argument of whether the proposed roll-out of #CovidVaccine, when it happens, should be mandated or not is a moo‚Ä¶ https://t.co/P8Ywezp1a6",vaccination,vaccination,,vaccination
ETHealthworld | Johnson &amp; Johnson pauses Covid vaccine trial as participant becomes ill #CovidVaccine‚Ä¶ https://t.co/yshVfNgEkO,vaccination,vaccination,vaccination,vaccination
"That‚Äôs true, but the CA school system is acknowledging that distancing by 3 feet is not always possible, so universal mask-wearing to start the academic year is the safest approach. They relied upon science &amp; CDC guidelines to establish their plan.    https://t.co/2xAeQgQkrZ","masking and distancing,lockdown",masking and distancing,masking and distancing,masking and distancing
CORONAVIRUS UPDATES - American businessman with Turkish-Armenian roots leads COVID-19 vaccine development‚Ä¶ https://t.co/EsBS5MC4kW,vaccination,vaccination,vaccination,
Personal attacks should be off limits. Period. You can disagree without being nasty. There‚Äôs enough divisive rhetoric on Twitter already. And you never even identified what was problematic with the photo - it follows CDC guidelines.,,"masking and distancing,lockdown","masking and distancing,lockdown",
There seems to be a holier-than-thou attitude among those who continue to wear masks despite it being inconsistent with CDC guidelines. I still trust the science.,masking and distancing,masking and distancing,masking and distancing,masking and distancing
Calling on local PH to advocate for guidelines for our vaccinated and unvaccinated stakeholders ‚Ä¶          ,vaccination,vaccination,vaccination,vaccination
UPDATE: The library is following the CDC recommended guidelines for mask wearing. Those that are fully vaccinated are no longer required to wear masks in the library.  https://t.co/sMcYBQ2Ax9,masking and distancing,masking and distancing,"masking and distancing,vaccination",masking and distancing
#Covid-19 vaccine won't be available to everyone before end of 2024: Serum Institute chief said in an interview to‚Ä¶ https://t.co/peNIHyDTJT,vaccination,vaccination,vaccination,vaccination
The CDC is leaving it up to local officials to set mask-wearing guidelines as the highly contagious delta variant spreads in areas with low vaccination rates.  https://t.co/usDjK3EpQd,masking and distancing,masking and distancing,masking and distancing,"masking and distancing,vaccination"
"With CDC &amp; WHO guidance changing constantly, we're all a bit confused about what vaccinated life looks like. To mask or not to mask? Here are some helpful guidelines.  https://t.co/zZPkXZxN3g","masking and distancing,vaccination",masking and distancing,vaccination,masking and distancing
Having the Latino community being properly represented in &amp; #COVID19 #vaccine trials at‚Ä¶ https://t.co/97thcwlgqH,vaccination,vaccination,,vaccination
"So, currently we‚Äôre facing the daunting choice between a Russian #CovidVaccine or injecting disinfectant up our asses. #HardPassChoices",vaccination,vaccination,vaccination,vaccination
It's lying when following CDC guidelines leads directly to new outbreaks because vaccinated people can still contract and transmit even though they don't get serious symptoms.,"masking and distancing,vaccination",vaccination,vaccination,vaccination
"""Hundreds of millions of doses will be available every month, and we expect to have enough vaccines for every Ameri‚Ä¶ https://t.co/LErYbZF35g",vaccination,vaccination,vaccination,vaccination
"Serum Institute, Bharat Biotech to soon begin the trial of intranasal COVID-19 vaccine
#SerumInstitute‚Ä¶ https://t.co/U8mNsKyx50",vaccination,vaccination,vaccination,vaccination
"Guidelines for Covid-19:  Please practice social distancing - Do not share food and drinks If you are experiencing the following symptom - extreme difficult breathing,  please call 911 right away  You can do a million different things at home to stay sane: Sleep and  think.",masking and distancing,masking and distancing,"masking and distancing,lockdown",masking and distancing
"#CovidVaccine #Exclusive
*World staring at 2nd wave of #COVID19, when #LaNina all set to herald chilly winter
*A sa‚Ä¶ https://t.co/bXSNN5UOMc",vaccination,vaccination,vaccination,vaccination
Because I know they just follow the cdc guidelines and do what told.,,masking and distancing,,
"your requirements for full Covid vaccination are not following CDC guidelines. Please note the following guidance that includes all WHO approved vaccines. Springsteen on Broadway has already backtracked, so should you  https://t.co/s1RFY7DlU4",vaccination,vaccination,vaccination,vaccination
"Stay tuned, the CDC has been late on all their mandates , if we only followed CDC guidelines previously many folks would have died, oops!   best to use common sense.",lockdown,masking and distancing,,
"If I have 30+ kids And no access to adding or removing desks there‚Äôs not much I can do. I mean yes, we need to know the cdc limitations. But teachers are not the ones. DO should be working to severely limit class size (unless they don‚Äôt actually care about adhering to guidelines)","masking and distancing,lockdown",masking and distancing,,masking and distancing
"Yes, sounds smart and following cdc guidelines. I have great seats because I‚Äôm vaxxed ;)",vaccination,"masking and distancing,lockdown",,vaccination
CDC guidelines is clear. Masks. No mention of hoods.,masking and distancing,masking and distancing,masking and distancing,masking and distancing
"Go America! Time to unite against the real enemy! 

#CCP_is_terrorist #CCPVirus #CCPLiedPeopleDied #CCP‚Ä¶ https://t.co/lsle7eNF4P",lockdown,,,
I spoke with on about the last 7 months of work in understanding #Covid19. #CovidTreatment‚Ä¶ https://t.co/8Tu8t7qXYV,vaccination,"masking and distancing,lockdown",,
"After Sputnik V, Russia on Wednesday grants approval to second COVID-19 vaccine EpiVacCorona.

#CovidVaccine",vaccination,vaccination,vaccination,vaccination
#CovidVaccine of China phase3 trails in UAE. Seems exciting with 15k people volunteering across multiple nationals.‚Ä¶ https://t.co/u0dYDlIrOd,vaccination,vaccination,vaccination,vaccination
Dr Reddy's Laboratories and Russian Direct Investment Fund (RDIF) have agreed to cooperate on clinical trials and d‚Ä¶ https://t.co/tgfyjynK3s,vaccination,vaccination,vaccination,
"""#Covishield will be commercialised once the trials are proven successful and all the requisite regulatory approval‚Ä¶ https://t.co/KWIcl6XvQs",vaccination,vaccination,vaccination,vaccination
"I am not, last lockdown here on RI was a complete joke and then they opened schools while community spread was far beyond 2 administrations CDC guidelines.   This repeating history thing is getting old.  https://t.co/TDkOnUTncY",lockdown,lockdown,lockdown,lockdown
 https://t.co/vuf52eSRgq  Why this warning or alert or guidelines given by CDC website ot USA government to public ????ü§îü§îü§îü§î  Pls answer Dr.,masking and distancing,masking and distancing,,
Opioid Prescribing Practices After the 2016 Release of CDC Guidelines for Opioid Prescribing  https://t.co/mueFmJIxzs via part of ,vaccination,vaccination,,
